filename,smiles
dsgdb9nsd_035176,N#C[C@H]1N[C@@]21[C@@H]1C[C@H]2C1
dsgdb9nsd_131462,Oc1nonc1OC=O
dsgdb9nsd_073123,C[C@]12CC[C@H]1C[N@@]1[C@H]2C1
dsgdb9nsd_096811,C/N=C/1\OC(=O)C[C@H]1N
dsgdb9nsd_100867,OC[C@H]([C@H](CO)C)C#N
dsgdb9nsd_063330,O=C1OC(=N)C(C1)(C)C
dsgdb9nsd_089931,C[C@H]1N[C@@]2([C@H]1NC2)C#N
dsgdb9nsd_121671,OCCOC(=O)N1CC1
dsgdb9nsd_025365,O=Cc1cn2c(n1)CC2
dsgdb9nsd_065999,N[C@]1(COC1=N)[C@H]1CN1
dsgdb9nsd_032619,CCn1cc(nc1)C#C
dsgdb9nsd_044957,O=C1C[C@@H]2O[C@H]1COC2
dsgdb9nsd_055682,CC(=O)CC1(C)COC1
dsgdb9nsd_002902,O=CC1=NCCO1
dsgdb9nsd_033507,N#C[C@@]1(OC1)CC1CC1
dsgdb9nsd_075552,CC1=CCCN[C@H]1C#N
dsgdb9nsd_045491,O=C1N[C@@H]2[C@@H]3N1[C@@H]3CC2
dsgdb9nsd_034268,N#C[C@]12O[C@@H]3[C@H]1[C@H]2OC3
dsgdb9nsd_128133,CNc1c(N)nnn1C
dsgdb9nsd_065741,O=CC[C@]1(O)CC=CC1
dsgdb9nsd_074894,O=C1N[C@@H]2C[C@@H]2N=C1N
dsgdb9nsd_023714,Oc1ccc(cc1)F
dsgdb9nsd_124709,OC[C@@H](n1nnnn1)C
dsgdb9nsd_038452,C1CO[C@]2(C1)C[C@@H]1[C@H]2N1
dsgdb9nsd_066248,CC1(OCCO1)[C@H]1CO1
dsgdb9nsd_009857,CC#CC[C@@]1(C)CN1
dsgdb9nsd_018782,O=C1[C@@H]2C[C@H]3[C@@H]2[C@@H]1C3
dsgdb9nsd_046198,O=C1NC[C@@]21[C@@H]1C[C@H]2O1
dsgdb9nsd_133275,C[N]C1=N[N]OC=C1F
dsgdb9nsd_071734,C[C@@]12[C@@H]3[C@H]4[C@@H]3[C@@H]1[C@]2(C)O4
dsgdb9nsd_028641,N#Cc1ccc(nc1)C
dsgdb9nsd_039994,O1C=N[C@H]2[C@@H]1C1(C2)CC1
dsgdb9nsd_016977,C1=C[C@@]23C[C@@H]1[C@H]2CO3
dsgdb9nsd_050922,O=CN[C@H](C1CC1)C#N
dsgdb9nsd_061527,O[C@H](CC1(C)CC1)C#C
dsgdb9nsd_123066,CCCCC/N=C/OC
dsgdb9nsd_079368,N#C[C@]12C[C@@H]3[C@H]1[C@H]([C@H]23)C
dsgdb9nsd_008591,O=C1O[C@]23[C@H]1[C@H](C2)C3
dsgdb9nsd_093969,O=CC1=C(N)[C@H](CC1)C
dsgdb9nsd_027572,N#Cc1cccc(n1)C
dsgdb9nsd_109750_new,C[NH2][C@@H]1[C@H]([C@@H]1O)C(=O)[O]
dsgdb9nsd_031310,COC1=[N]=CO[C]1C#N
dsgdb9nsd_077345,N#C[C@@H]1COC(=O)[C@H]1O
dsgdb9nsd_057095,C[C@@H](C#C)[C@H]1COCO1
dsgdb9nsd_078076,O=CN1[C@@H]2[C@H]1[C@H]([C@H]2O)O
dsgdb9nsd_122378,CCCO[C@@H]1[C@H]2[C@@H]1CC2
dsgdb9nsd_060639,C[C@H](C(=O)C)C1CCC1
dsgdb9nsd_067156,O=C1[C@@H]2C[C@H]3[C@@]2([C@@H]1C3)O
dsgdb9nsd_028899,Cc1c(C)cccc1C
dsgdb9nsd_021103,C[C]1N(C)[N]N=C1O
dsgdb9nsd_082864,O[C@@H]1[C@@H]2O[C@@H]3C[C@H]1[C@@H]3C2
dsgdb9nsd_047286,O=C1OCOC(=O)C=C1
dsgdb9nsd_114812,CC[C@H]1C[C@@H]2[C@@]1(O)CO2
dsgdb9nsd_068265,C[C@@]12C[C@@H](N1)[C@]2(O)C#N
dsgdb9nsd_059906,O=CNC(=O)CC(C)C
dsgdb9nsd_067630,O[C@]12[C@@H]3[C@H]4[C@@H]3[C@@]2([C@@H]1O4)C
dsgdb9nsd_021665,Nc1n[nH]nc1C#C
dsgdb9nsd_036319,C(C#N)[C@H]1C=C[C@@H]2[N@]1C2
dsgdb9nsd_068503,O=C[C@@H]1[C@@H]2N[C@]1(C2=O)C
dsgdb9nsd_031476,OCc1occ(c1)C#C
dsgdb9nsd_077423,C[C@@H]1[C@]2([C@]1(O)[C@@H]1[C@H]2N1)O
dsgdb9nsd_029239,Cc1c[nH]c(=O)oc1=N
dsgdb9nsd_078710,C[C@@H]1[C@H]2C=C[C@]3([C@@H]1[N@@]23)C
dsgdb9nsd_046826,C1[C@H]2[C@]1(C#N)C(=O)NC2
dsgdb9nsd_000873,Nc1ccc(o1)N
dsgdb9nsd_028127,Nc1cc2c(o1)C=CC2
dsgdb9nsd_030768,CCc1ccn(c1O)C
dsgdb9nsd_041191,O1C[C@@H]2C[C@]3(C1)[C@@H]2CC3
dsgdb9nsd_123700,C1[C@H]2[C@@H]1Oc1c2[nH]nc1
dsgdb9nsd_061241,C[C@H]1C[C@H]1[C@H](CC#C)O
dsgdb9nsd_027214,Cc1occ2c1CC=C2
dsgdb9nsd_051382,N=CO[C@@H]1[C@H]2[C@@H]1NC2=O
dsgdb9nsd_094960,O[C@H]1CC[C@H]2[C@@H]1CC2=O
dsgdb9nsd_102916,CC[C@H](C=O)OCC#C
dsgdb9nsd_038334,O1C=N[C@@]2(C1)[C@@H]1C[C@H]2N1
dsgdb9nsd_037007,C1CC2(C1)CC12COC1
dsgdb9nsd_071052,C[C@]12C[C]3[N@]1[C@@]2(C)C[N]3
dsgdb9nsd_133513,O=C(C(F)(F)F)[C@@H]1OC1
dsgdb9nsd_042479_new,C([C@H]1CN1)NC(=O)C#N
dsgdb9nsd_062103_new,O=CNC[C@@H](C(=O)O)N
dsgdb9nsd_128655,COc1nn(c(c1)O)C
dsgdb9nsd_080915,O[C@@H]1[C@@H]2C[C@]1([C@@]12CO1)C
dsgdb9nsd_116963,OCCC#CCC1CC1
dsgdb9nsd_127566,O=c1cnn(c(n1)N)C
dsgdb9nsd_108585,CC[C@]12OCO[C@H]1[C@H]2C
dsgdb9nsd_065027,CC1(CC1)C1(O)CCC1
dsgdb9nsd_023072,C[C@H]1C[C@@H]2[N@]1C/C/2=N\O
dsgdb9nsd_062748,C[C@@]1(O)[C@@H]2[C@@]1(O)C(=O)N2
dsgdb9nsd_120209,CCC[C@@H]1[C@H]2C=C[C@@H]1O2
dsgdb9nsd_056554_new,C#C[C@@H]([C@@H](C(=O)O)C)N
dsgdb9nsd_042498,C#CCOCC(=O)C#N
dsgdb9nsd_033261,CCCCn1cncc1
dsgdb9nsd_075234,O=C1C(=CCC21CC2)C
dsgdb9nsd_109843,CN1[C@@H]([C@@H]1CO)CC=O
dsgdb9nsd_118796,C[C@]1(CCC)N[C@H]1C#N
dsgdb9nsd_121117,CCO[C@H]1CC[C@H](O1)C
dsgdb9nsd_098182,OCC(=O)[C@@](CO)(O)C
dsgdb9nsd_063456,N#CC1(C#N)C[C@@]1(C)O
dsgdb9nsd_091818,O[C@H]1C=C[C@@]2([C@H](C1)N2)C
dsgdb9nsd_025403,N=c1occnc1C=O
dsgdb9nsd_119488,CCC[C@@]12N[C@H]2[C@@H]2[C@H]1N2
dsgdb9nsd_014806,C#C[C@H]1CN[C@H]1C#N
dsgdb9nsd_052853,CC#CC1(O)CCCC1
dsgdb9nsd_043786,C#C[C@]12C[C@H](C1)C(=O)N2
dsgdb9nsd_035610,C#C[C@H]1CC=C[C@]21CO2
dsgdb9nsd_073645,N=C1O[C@H]2[C@]1(C)NCC2
dsgdb9nsd_062990,O=C[C@@H]1[C@@H]2C[C@@H]2C1(C)C
dsgdb9nsd_131304,O[C]1=NN([N]N=1)CC=O
dsgdb9nsd_088391,C[C@@]([C@@H]1C[C@@H]1C)(C=O)O
dsgdb9nsd_053595,CC#CC[C@H]1N[C@H]1C=O
dsgdb9nsd_064339,O=C1CNCC(N1)(C)C
dsgdb9nsd_126678,CCCO[C]1=NO[N]N=1
dsgdb9nsd_116977,COCC#CCCC=O
dsgdb9nsd_080901,O[C@H]1[C@@H]2C[C@]1([C@]2(C)O)C
dsgdb9nsd_128641,CO[C]1=N[CH]C(=NN=1)O
dsgdb9nsd_065033,OC1(COC1)[C@@]1(C)NC1
dsgdb9nsd_108591,CO[C@]12CCO[C@H]1[C@H]2C
dsgdb9nsd_127572,C#Cc1cnn(c1N)C
dsgdb9nsd_073889,CC1=C(C=O)[C@@H]2[C@H](C1)N2
dsgdb9nsd_099288,CCC(=O)COC1CC1
dsgdb9nsd_024709,O1Cc2c(C1)cccc2
dsgdb9nsd_118782,COC[C@@]1(C)C[C@]1(C)O
dsgdb9nsd_109857,OC[C@@H]1[C@H](O)[C@H]2[C@]1(C)N2
dsgdb9nsd_075220,CC1=CC[C@@]2([C@H]1N2)C#C
dsgdb9nsd_033275,C#CC#CC1(C#N)CC1
dsgdb9nsd_025417,O=Cc1cnc(=O)[nH]c1
dsgdb9nsd_128899,N#CCc1nccnn1
dsgdb9nsd_063442,O=CC[C@@H]1C[C@@](C1)(C)O
dsgdb9nsd_098196,C[C@@](C(=O)NC)(CO)O
dsgdb9nsd_121103,C[C@@H]1C[C@@H](OC1)CCO
dsgdb9nsd_043792,N=C1OC2([C@]31CO3)CC2
dsgdb9nsd_052847,CC#C[C@@]1(O)CCC=C1
dsgdb9nsd_014812,N#C[C@@H]1NC[C@@H]1C#N
dsgdb9nsd_088385,C[C@](C#N)([C@@H]1CN1C)N
dsgdb9nsd_131310,O[C]1=NN2[C](N=1)CC=C2
dsgdb9nsd_062984,C[C@]1(O)[C@@H]([N@]2[C@@H]1C2)C#N
dsgdb9nsd_073651,C[C@]12OCO[C@H]1CC2=O
dsgdb9nsd_035604,N#C[C@H]1C[CH][C]2[C@H]1NC2
dsgdb9nsd_022378,O/N=C/1\C[C@@]2([C@H]1[C@@H]2C)C
dsgdb9nsd_053581,CC#CC[C@H]1C[C@]1(C)O
dsgdb9nsd_050088,C([C@H]1CO1)[C@@H]1C[C@@H]1C=O
dsgdb9nsd_021671,Nc1cc(on1)C#C
dsgdb9nsd_067624,O[C@]12[C@@H]3[C@H]1[C@@]1([C@H]2[C@@H]1C3)O
dsgdb9nsd_059912,O=CNC(=N)OC(C)C
dsgdb9nsd_125365,Cc1c[nH]c2c1onn2
dsgdb9nsd_068517,O=C1[C@H]2C[C@]1(O)[C@H]1[C@@H]2N1
dsgdb9nsd_070358,C[C@]12C[N@]1C[C@@H]1[C@H]2OC1
dsgdb9nsd_132619,Oc1ccc(c(n1)F)N
dsgdb9nsd_077437,C[C@]12NC(=O)[C@@]2([C@H]1O)N
dsgdb9nsd_031462,CNc1occ(n1)C#C
dsgdb9nsd_085879,C#C[C@H]1[C@@H](C)C[C@@]1(C)O
dsgdb9nsd_000867,Cc1cnc(o1)N
dsgdb9nsd_046832,C1OC(=O)[C@]2([C@@H]1N2)C#C
dsgdb9nsd_078704,O[C@@H]1[C@@H]2[C@@H]3[C@H]1[C@H]2[C@]13CO1
dsgdb9nsd_041185,C1=C[C@@]23C[C@@H](C1)[C@H]2OC3
dsgdb9nsd_076729,O=CCO[C@@H]1[C@@H]([C@@H]1O)O
dsgdb9nsd_028133,N[C]1C[C]2C(=N1)OC=N2
dsgdb9nsd_027200,Nc1[nH]cc2c1C=CC2
dsgdb9nsd_061255,O[C@H]([C@H]1C[C@H]1O)CC#N
dsgdb9nsd_123714,O1C[C]2[C]3[C@H]1CN3N=N2
dsgdb9nsd_038320,C1O[C@H]2[C@@H](C1)[C@H]1C[C@@H]2O1
dsgdb9nsd_102902,C#CCC[C@@H](C#C)CO
dsgdb9nsd_094974,C[C@H]1CO[C@@H]2[C@@]31C[C@@H]2C3
dsgdb9nsd_051396,O=CO[C@@H]1[C@H]2[C@@H]1OC2=O
dsgdb9nsd_133507,C#CCC#CC(F)(F)F
dsgdb9nsd_071046,C[C@]12N[C]3[C@H]1[C@@H]1[C@H]2[C@@H]1[N]3
dsgdb9nsd_037013,C1CC2(C1)OC12COC1
dsgdb9nsd_069609,C#C[C@]12N[C@H]1[C@@]1([C@H]2C1)C
dsgdb9nsd_038446,C1OC[C@@]2(O1)C[C@H]1[C@@H]2C1
dsgdb9nsd_020209,C1C[C@H]2[C@H]3[C@@H]1OC[C@@H]23
dsgdb9nsd_071720,O[C@]12[C@H]3C[C@@]2([C@H]2[C@@H]1[C@@H]32)O
dsgdb9nsd_133261,Fc1cnnn(c1=O)C
dsgdb9nsd_037775,C1=C[C@@H]2[C@@H]3[C@H](C=C1)[C@H]2C3
dsgdb9nsd_018796,O[C@H]1[C@H]2C[C@@H]3[C@H]2[C@H]1O3
dsgdb9nsd_009843,C[C@]1(CO1)[C@H](CO)O
dsgdb9nsd_050936,O=CC[C@H]([C@@H]1OC1)C=O
dsgdb9nsd_016963,C[C@H]1O[C@@H]2C[C@H]1CO2
dsgdb9nsd_039980,C1[C@@H]2[N@]3[C@@H]2[C@@H]1[C@]1(C3)CN1
dsgdb9nsd_028655,N#Cc1ccc(nc1)N
dsgdb9nsd_027566,Cc1cc(cnc1)C#N
dsgdb9nsd_008585,N=C1O[C@]23[C@H]1[N@](C2)C3
dsgdb9nsd_123072,COCCC/N=C/OC
dsgdb9nsd_061533,N[C@@H](CC1(O)CC1)C#N
dsgdb9nsd_077351,O=C[C@@H]1CNC(=O)[C@H]1C
dsgdb9nsd_031304,COc1cc[nH]c1C#N
dsgdb9_039180_new,O1C[C@H]2[C@@]34[C@@H]1C[N@@]3[C@@H]2C4
dsgdb9nsd_078062,O=C[C@H]1N2[C@H]1[C@@H](C2=O)C
dsgdb9nsd_057081,C[C@@H](C#N)[C@H]1OCC=C1
dsgdb9nsd_026678,Nc1[nH]c(c(c1C)N)O
dsgdb9nsd_021117,C[N]C1=N[N]NC=C1
dsgdb9nsd_125403,Cc1conc1C1CC1
dsgdb9nsd_039758,C1O[C@H]2[C@H]3[C@@H]1[C@@H]2C13CC1
dsgdb9nsd_067142,O=C1[C@H]2N[C@H]3[C@@]1([C@@]23C)O
dsgdb9nsd_019488,C#C[C@@H]1[C@H]2[C@@H]1OC=N2
dsgdb9nsd_068271,C#C[C@@]1(C)[N@@]2C[C@]1(C2)C
dsgdb9nsd_114806,C[C@@]12OC[C@H]2N[C@H]1CO
dsgdb9nsd_047292,N=C1CCOC(=N)CO1
dsgdb9nsd_082870,O[C@@H]1[C@H]2C[N@]3[C@@H]1[C@]2(C)C3
dsgdb9nsd_073137,O[C@]12CC[C@H]1C[C@@H]1[C@H]2O1
dsgdb9nsd_131476,O[C@H]1C=Cn2c1cnn2
dsgdb9nsd_035162,C#C[C@H]1OC1(C#N)C#N
dsgdb9nsd_100873,CC[C@H]([C@H](CO)O)C#N
dsgdb9nsd_096805,C[C@@H]1CC(=O)N/C/1=N\C
dsgdb9nsd_025371,O=Cc1cnc(o1)C#C
dsgdb9nsd_054588,CC(=O)[C@@]12CN[C@H]2CN1
dsgdb9nsd_121665,OCCNC(=O)[C@H]1CN1
dsgdb9nsd_089925,C[C@H]1C[C@@]2([C@H]1OC2)C#C
dsgdb9nsd_063324,O=C1C[C@@]([C@H]2N1C2)(C)O
dsgdb9nsd_074658,NC1=N[C@H]2[C@H]3[C@@H](O1)[C@@H]2N3
dsgdb9nsd_002916,O=CN1CCCC1
dsgdb9nsd_055696,NC(=O)NC1(C)COC1
dsgdb9nsd_044943,N=C1O[C@@H]2C[C@H]1COC2
dsgdb9nsd_075546,CC1=CCCOC21CC2
dsgdb9nsd_033513,C([C@@]1(CO1)C#N)[C@H]1CO1
dsgdb9nsd_087908,CN1C[C@]21CC=C[C@H]2O
dsgdb9nsd_128127,CNc1onc(c1N)N
dsgdb9nsd_045485,O=C1C[C@@H]2[C@@H]3[C@H]1[N@@]3CC2
dsgdb9nsd_130768,C1C=Cn2c1noc2=O
dsgdb9nsd_072229,C[C@]12C[C@@H]3[C@H]1[C@@]2(O)CO3
dsgdb9nsd_098828,OCC(=O)N1CCC1=O
dsgdb9nsd_127214,O=Cc1noc(=O)n1C
dsgdb9nsd_074880,CC1=C[C@H]2O[C@H]2[C@@H]2[C@H]1N2
dsgdb9nsd_065755,N=CO[C@]1(C)COC1=N
dsgdb9nsd_092493,O[C@@H]1C[C@H]2[C@](C1)(C)CO2
dsgdb9nsd_026888,Cc1cnc(=O)oc1O
dsgdb9nsd_069147,O=C1N2C[C@H]2[C@@]2([C@H]1N2)C
dsgdb9nsd_087198_new,OC(=O)C[C@]1(N)C[C@@H]1O
dsgdb9nsd_133249,Cn1ncnc(c1=O)F
dsgdb9nsd_071708,O[C@@]12C[C@@H]3[C@]2([N@@]2[C@H]1[C@H]32)C
dsgdb9nsd_113199,CC[C@H]1O[C@]1(C)[C@H](O)C
dsgdb9nsd_020221,O1C[C@@H]2[C@@H]3[C@@H]4[C@H]1[C@@H]4[C@H]23
dsgdb9nsd_049297,O=CC1=CCCCC1=O
dsgdb9nsd_066274,N[C@]1(CCOC1=N)C#C
dsgdb9nsd_079354,C[C@H]1[C@@H]2OC[C@@H]3[N@]1[C@@H]3C2
dsgdb9nsd_105923,CC[C@]12[C@@H]3C[C@@H]4[C@H]1[N@]2[C@H]34
dsgdb9nsd_093955,C[C@H]1CO[C@@H](O1)C1CC1
dsgdb9nsd_082680,N#C[C@]12[C@@H](C)[N@@]3[C@H]1[C@H]2C3
dsgdb9nsd_059084,O=C[C@@H]1[C@@H](N1C)C(C)C
dsgdb9nsd_076067,C#C[C@H]1[C@H]([C@H]1C)C(=O)C
dsgdb9nsd_030032,O[C@H]1C=Cc2c1c[nH]c2
dsgdb9nsd_037985,O1CC[C@H]2[C@H]3[C@@H](C1)[C@@H]2O3
dsgdb9nsd_018966,OC[C@@H]1[C@@H]2[C@@H]3[C@H]1[C@H]2C3
dsgdb9nsd_026650,Cc1[nH]c(c(c1C)C)C
dsgdb9nsd_122344,CCCC[C@@H]1[C@@H]([C@@H]1C)O
dsgdb9nsd_102094,CO[C@H]([C@@]1(C)CO1)C=O
dsgdb9nsd_077379,C[C@@H]1[C@]2(O)C[N@@]3[C@]1([C@H]23)C
dsgdb9nsd_006580,C[C@]12C=C[C@](C1)(C2)C
dsgdb9nsd_029563,Nc1cocc(c1=O)N
dsgdb9nsd_070416,C[C@]12O[C@H]1C[C@]2(O)C=O
dsgdb9nsd_132157,N[C]1NC=C(C(=C1)[NH])F
dsgdb9nsd_036443,C(C#N)N1C[C@@H]2[C@H]1CO2
dsgdb9nsd_082858,C[C@@H]1[C@@H]2O[C@@H]3C[C@H]1[C@@H]3O2
dsgdb9nsd_068259,N#C[C@@]1(N)[C@@H]2C[C@]1(C2)C
dsgdb9nsd_016793,O=C1NC(=O)[C@@H]2[C@H]1N2
dsgdb9nsd_039770,C1[C@@H]2[C@H]1[C@H]1O[C@@H]2C21CC2
dsgdb9nsd_048189,O=CC(C#N)(C#C)C#C
dsgdb9nsd_007846,CC(=O)O[C@H]1C[C@H]1O
dsgdb9nsd_041813,C1OC[C@H]2C[C@@H](C1)CC2
dsgdb9nsd_112287,CC[C@H]1CC(=O)[C@@H]2[C@H]1C2
dsgdb9nsd_022436,C[C@H](/C(=N/O)/C#C)C=O
dsgdb9nsd_126122,CCC(=O)c1conc1
dsgdb9nsd_064463,C[C@@]1(O)COCOC1=N
dsgdb9nsd_129211,N=C1NN=C[CH]N=C1[NH]
dsgdb9nsd_090284,O=C1[CH][C]2[C@@H](C1)[C@H](N2)C
dsgdb9nsd_055866,C[C@@]1(O)C[C@H]1CC(=O)N
dsgdb9nsd_013833,[O]C(=O)C1=CC[NH2]C1
dsgdb9nsd_005089,Cc1coc(c1O)N
dsgdb9nsd_074670,CC1=C[C@@H]2[C@@H]3[C@H]1CC[C@H]23
dsgdb9nsd_056279_new,OC(=O)CNCC1CC1
dsgdb9nsd_032625,CCn1ccc(c1O)N
dsgdb9nsd_130998,O=CCO[C]1=NN[N]N=1
dsgdb9nsd_025359,O=Cc1occ(n1)C#N
dsgdb9nsd_080097,C[C@H]1OC=N[C@@H]2[C@H]1[C@@H]2O
dsgdb9nsd_100683,CC[C@H](C(CC)(C)C)O
dsgdb9nsd_111956,CC[C@H]1N=CN(C1=N)C
dsgdb9nsd_087920,O=C1OC[C@]2(C1)C[C@@H]2C
dsgdb9nsd_004397,C[C]1NC(=O)[N]C=N1
dsgdb9nsd_081389,N#C[C@@H]1C[C@H]2O[C@@H]1[C@H]2C
dsgdb9nsd_024047,N#CC/N=c/1\occ[nH]1
dsgdb9nsd_120553,CCO[C@@H]1C[C@H](C1)OC
dsgdb9nsd_062012,O=C[C@@H](CCC(=O)C)O
dsgdb9nsd_014184,O[C@@]12C[N@]3[C@@H]1C[C@@]23C
dsgdb9nsd_023728,Fc1cnc(=O)[nH]c1
dsgdb9nsd_110490,CO[C@@H]1[C@@H]2C=C[C@@H]3[C@H]1[N@]23
dsgdb9nsd_098800,CCC(=O)[C@H]1OCC1=O
dsgdb9nsd_072201,C[C@@]12O[C@H]3[C@H]4[C@@H]1[C@@H]2[C@H]4C3
dsgdb9nsd_121895,C[C@@H](C(=O)N)CCOC
dsgdb9nsd_130740,O=c1oc2c(o1)cno2
dsgdb9nsd_034254,C#C[C@]12N[C@@H]3[C@H]1[C@H]2OC3
dsgdb9nsd_005937,CC#CC(OC)(C)C
dsgdb9nsd_043962,O=C1C[C@]23[C@@]1(N=CO3)C2
dsgdb9nsd_086380,C[C@H]1C[C@H]([C@@]2([C@H]1O2)C)C
dsgdb9nsd_130026,C#Cc1cnc(nn1)N
dsgdb9nsd_072567,O=C1C[C@H]2O[C@]1(C)OC2
dsgdb9nsd_128669,COc1nnc(o1)OC
dsgdb9nsd_034532,C1O[C@@H]2C[C@@H]2C=C1C#C
dsgdb9nsd_080929,C[C@H]1[C@H]2O[C@@]1([C@]12CO1)C
dsgdb9nsd_096193,O[C@H]1COC[C@@H]2[C@H]1CO2
dsgdb9nsd_075208,CC1=CC[C@@]2([C@H](C1)O2)C
dsgdb9nsd_024721,n1cn2c(c1)[C@@H]1[C@H]2CO1
dsgdb9nsd_117499,OCC[C@H](C#CC)C#N
dsgdb9nsd_062774,C#C[C@@H]1C[C@H]2[C@@H]1C2(C)C
dsgdb9nsd_120235,CCCN1[C@H]2C[C@H]2C1=O
dsgdb9nsd_074116,CC1=CC(=O)[C@@H]2[C@H]1CO2
dsgdb9nsd_032143,COc1cncc(n1)C
dsgdb9nsd_012293,[NH][C]1NCC=CC1=O
dsgdb9nsd_116787,CO/C=N/C[C@H]1N[C@H]1C
dsgdb9nsd_107852,OC[C@@]12C[C@H]3[C@@H](C1)[C@@H]2C3
dsgdb9nsd_091824,C[C@@H]1C=C[C@]2([C@@H](O1)C2)C
dsgdb9nsd_022350,O/N=C/1\CC(=O)[C@H](C1)C
dsgdb9nsd_118972,C[C@]1(COC)OC[C@H]1O
dsgdb9nsd_064305,O=CC1=CCC[C@@]1(C)O
dsgdb9nsd_126644,CCCN=c1onno1
dsgdb9nsd_106594,CC[C@]12C[C@](C1)(C2)OC
dsgdb9nsd_002080,O=C1COCCN1
dsgdb9nsd_073679,C[C@@]12CCC[C@H]2COC1
dsgdb9nsd_131338,Oc1nnc2n1nno2
dsgdb9nsd_132631,Nc1cnc(c(n1)F)O
dsgdb9nsd_070370,C[C@]1(C[C@@H]2[C@@]1(O)C2)C#C
dsgdb9nsd_001589,O=CC(=O)C(=O)N
dsgdb9nsd_036325,C#C[C@H]1C[C@H](O1)CC#N
dsgdb9nsd_039016,N1C[C@@H]2[C]1[N]C[C@H]1[N@@]2C1
dsgdb9nsd_084597,O[C@H]1C=C[C@H]2C[C@]1(O)C2
dsgdb9nsd_021659,Nc1n[nH]cc1C#N
dsgdb9nsd_026136,CN(c1occc1C)C
dsgdb9nsd_060163,CN1CC(C1)OC(C)C
dsgdb9nsd_122422,CCOC[C@@H]1C[C@@H](C1)C
dsgdb9nsd_113827,CC[C@H]1O[C@H]1[C@H]1O[C@H]1C
dsgdb9nsd_085851,O[C@@H]1CC([C@@]1(C)O)(C)C
dsgdb9nsd_094784,C[C@H]1CC[C@@]2(C1=O)CO2
dsgdb9nsd_029205,Cc1coc(=O)nc1O
dsgdb9nsd_010484,CCC1(CC1)CC#N
dsgdb9nsd_114190,CO[C@H]1CC2(C1=O)CC2
dsgdb9nsd_079432,O=C[C@]12O[C@@H]3[C@H]1[C@H]([C@H]23)O
dsgdb9nsd_027228,Cc1ncn2c1CC=C2
dsgdb9nsd_048837,C1[N@@]2[C@@]1(C=O)C=CCC2
dsgdb9nsd_076701,C#CCC[C@@H]1[C@@H]([C@@H]1C)O
dsgdb9nsd_021881,Oc1ccn(n1)C=O
dsgdb9nsd_030754,COc1occ(c1O)C
dsgdb9nsd_069621,C#C[C@]12C[C@H]1[C@@]1([C@H]2O1)C
dsgdb9nsd_057917,CN(C(=O)[C@H]1CCO1)C
dsgdb9nsd_104383,O[C@]1(CO)CCNC1=O
dsgdb9nsd_000697,C1[C@@H]2[C@@H]3[C@H]1[C@H]2O3
dsgdb9nsd_011942,C[C@@]12CC[C@]2(N1)C=O
dsgdb9nsd_020547,CC(c1n[nH]nn1)C
dsgdb9nsd_085689,C[C@H]1N[C@H](C21CC2)C#N
dsgdb9nsd_038308,C1[C@@H]2C[C@H]1[C@@H]1O[C@H]2CC1
dsgdb9nsd_066512,O[C@@]12[C@@H]3C[CH][C]4[C@H]2[C@H]1[C@H]34
dsgdb9nsd_124053,n1nn2c(c1)[C@@H]1[C@H]2CO1
dsgdb9nsd_036331,C#CC[C@H]1C[C@@H](O1)C#N
dsgdb9nsd_006790_new,NCCCCC(=O)O
dsgdb9nsd_105089,OCC1(CC1)[C@H]1CN1C
dsgdb9nsd_070364,C[C@]12O[C@H]1C[C@@H]1[C@H]2CO1
dsgdb9nsd_132625,Nc1ncc(c(n1)F)N
dsgdb9nsd_084583,C[C@H]1C=C[C@@H]2N1C(=O)C2
dsgdb9nsd_039002,C1[N][C]2[N@@]3[C@H]1C[C]3[N]C2
dsgdb9nsd_067618,C[C@]12[C@@H]3[C@H]1[C@@]1([C@H]2[C@@H]1C3)C
dsgdb9nsd_125359,Cc1c[nH]c2c1cno2
dsgdb9nsd_122436,OCCC[C@@H]1OC1(C)C
dsgdb9nsd_060177,C[C@H](CN1CC1(C)C)O
dsgdb9nsd_078738,O=C[C@]12C[C@H]3[C@@H]2[C@@H]1N3C
dsgdb9nsd_029211,Oc1c[nH]c(=O)cc1N
dsgdb9nsd_094790,C[C@H]1OC[C@@]2(C1=O)CO2
dsgdb9nsd_085845,O[C@@H]1C=C([C@@](C1)(C)O)C
dsgdb9nsd_113833,OC[C@@H]1C[C@@H]1[C@@H]1CN1C
dsgdb9nsd_079426,O=C[C@]12C[N@@]3[C@H]1[C@H]([C@H]23)C
dsgdb9nsd_114184,CC[C@H]1NC2(C1=O)CC2
dsgdb9nsd_010490,OC[C@@]1(CC#C)CN1
dsgdb9nsd_061269,[H].[CH]1CCC1.[CH2]C#N.[C].[OH]
dsgdb9nsd_123728,C1CC(C1)c1cnn[nH]1
dsgdb9nsd_030740,CNc1occ(c1O)C
dsgdb9nsd_021895,Oc1n[nH]cc1C#C
dsgdb9nsd_076715,O=CCCN1[C@H]([C@H]1C)C
dsgdb9nsd_048823,O=C[C@@]12C[C@H]2CNC1=O
dsgdb9nsd_011956,CC[C@]12C[C@@]2(CO1)O
dsgdb9nsd_000683,C1[C@H]2N[C@H]2C1=O
dsgdb9nsd_104397,C[C@H]1OCC[C@]1(O)CO
dsgdb9nsd_057903,C[C@H]1CN1C(=O)N(C)C
dsgdb9_025435_new,O=CC1=CO[CH]C=C1[NH]
dsgdb9nsd_069635,O=C[C@]12N[C@H]1[C@@]1([C@H]2C1)C
dsgdb9nsd_124047,C1C=Cc2c(O1)n[nH]c2
dsgdb9nsd_066506,O[C@]12[C@@H]3OC4=N[C@@H]3[C@@H]2[C@@H]14
dsgdb9nsd_094948,O=C1C[N@]2[C@@H]1CC[C@@H]2C
dsgdb9nsd_020553,CC(n1ccnn1)C
dsgdb9nsd_086394,C[C@H]1O[C@H]([C@@]2([C@H]1C2)O)C
dsgdb9nsd_043976,N=C1O[C@]23[C@@]1(CCC3)C2
dsgdb9_127723_new,CC1=N[N]N(C(=C1)[NH])C
dsgdb9nsd_005923,N=COC(C#N)(C)C
dsgdb9nsd_034526,C1[C@H]2C=C[C@@H]1C=C2C#C
dsgdb9nsd_072573,O=C1C[N@]2C[C@]1(O)CC2
dsgdb9nsd_130032,N[C]1N=C[N]N1CCO
dsgdb9nsd_126888,CC/N=c/1\onc(o1)O
dsgdb9nsd_096187,O[C@H]1CCC[C@@H]2[C@H]1OC2
dsgdb9nsd_033249,OCCCc1c[nH]cn1
dsgdb9nsd_120221,CCO[C@@H]1[C@H]2CC[C@@H]1C2
dsgdb9nsd_061554_new,C[C@H](C(=O)O)C[C@H]1CN1
dsgdb9nsd_062760,O=C1N[C@@H]2[C@H](N1)C2(C)C
dsgdb9nsd_013199,COC(=O)[C@H]1CCN1
dsgdb9nsd_024735,C1CCn2c(O1)ncc2
dsgdb9nsd_032157,CO[C]1=N[C](N)N=CN=1
dsgdb9nsd_097299,C/N=C/N1C=NCC1=N
dsgdb9nsd_074102,NC1=CC(=O)[C@@H]2C[C@H]1O2
dsgdb9nsd_091830,N#C[C@@]12C[C@H](C[C@H]2C1)C
dsgdb9nsd_107846,CC[C@]12C[N@]3[C@@H]2C[C@H]3C1
dsgdb9nsd_116793,CO/C=N/CC1COC1
dsgdb9nsd_012287,CO[C@H]1C[C@H]([C@H]1O)C
dsgdb9nsd_126650,CCCNc1c[nH]nn1
dsgdb9nsd_064311,C[C@@]1(O)CCC=CC1=O
dsgdb9nsd_118966,C[C@@]1(CC[C@H]1O)OCC
dsgdb9nsd_022344,O/N=C/1\C=C([C@@H](C1)O)C
dsgdb9nsd_002094,O[C@H]1CCC=CC1
dsgdb9nsd_106580,CC[C@]12C=C[C@H](O1)[C@H]2C
dsgdb9_004445_new,Nc1oc(=N)oc1N
dsgdb9nsd_129563,N[C@@H](C#N)[C]1N[N]C=N1
dsgdb9nsd_035638,C#C[C@@H]1CC=CC=CC1
dsgdb9nsd_064477,CC1(C)CCCCOC1
dsgdb9nsd_126136,CCC(=O)n1nccn1
dsgdb9nsd_096839,C/N=C\1/C[C@H](C(=O)O1)N
dsgdb9nsd_022422,O/N=C/1\C[C@]2(C[C@@H]1C2)O
dsgdb9nsd_013827,CC(=O)C1=NCCO1
dsgdb9nsd_055872,CC(=O)C[C@H]1C[C@H]1C#N
dsgdb9nsd_090290,O=C1[CH][C]2[C@@H](N1)[C@H](C2)O
dsgdb9nsd_101589,CCN(CC(=O)CO)C
dsgdb9nsd_032631,Cc1c(N)ncn1CC
dsgdb9nsd_074664,CC1=N[C@@H]2[C@H](O1)[C@H]1[C@@H]2O1
dsgdb9nsd_080083,O=C1NC=C[C@H]2N1[C@H]2C
dsgdb9nsd_121659,COCCC(=O)N1CC1
dsgdb9nsd_089919,O=CC[C@]12C[C@@H]([C@@H]2C1)O
dsgdb9nsd_063318,O=C1OC([C@H]2[C@@H]1N2)(C)C
dsgdb9nsd_004383,C[C]1C=CC=C(O1)[NH]
dsgdb9nsd_087934,O=C1OC[C@]2(C1)CN2C
dsgdb9nsd_111942,CO[C@H]1C=CC(=O)C1=O
dsgdb9nsd_100697,CC[C@H]([C@H](C#CC)C)C
dsgdb9nsd_062006,NC(=O)OC[C@H](C#N)O
dsgdb9nsd_120547,COC[C@@H]1C[C@@H](O1)CC
dsgdb9nsd_024053,C#CCCc1ncc[nH]1
dsgdb9nsd_110484,OC[C@@H]1[C@@H]2[C@@H]3[C@@H]4[C@H]1[N@]2[C@H]34
dsgdb9nsd_127228,Cc1cn(C)nnc1=O
dsgdb9nsd_065769,C[C@@]1(O[CH][NH])OCC=C1
dsgdb9nsd_014190,O[C@@]12C[C@H]3[C@@H]1C[C@@]23O
dsgdb9nsd_034240,N#C[C@@]12C[C@@H]3[C@H]2C[C@H]1O3
dsgdb9nsd_130754,O=c1ccc(no1)C#C
dsgdb9nsd_121881,C[C@@H](C(=O)N)OCCC
dsgdb9nsd_072215,O[C@]12C[C@@H]3[C@H]1[C@H]2C=CC3
dsgdb9nsd_098814,COC(=O)[C@H]1CCC1=O
dsgdb9nsd_037749,O1C[C@@H]2[C@@H]3[C@]4(C1)[C@H]2[C@H]3O4
dsgdb9nsd_069153,O=C1[C@H]2C[C@H]2[C@@]2([C@H]1C2)O
dsgdb9nsd_092487,O[C@H]1C[C@H]2CC[C@@H]1OC2
dsgdb9nsd_017499,O[C@@]12C[C@@H]1[C@H]1[C@]2(C)N1
dsgdb9nsd_066260,C[C@]1(CCOC1=O)C#C
dsgdb9nsd_049283,C1C[C@H]2N[C@H]2C(=C1)C=O
dsgdb9nsd_124721,C[C@H](c1onnc1N)N
dsgdb9nsd_020235,O1C[C@H]2[C@H]3[C@@H]1[C@H]1[C@@H]2[N@@]31
dsgdb9nsd_082694,C#C[C@]12[C@@H](O)[C@@H]3[C@H]1[C@H]2O3
dsgdb9nsd_093941,[NH3][C@H]1CC[C@@H](C1)C(=O)[O]
dsgdb9nsd_105937,OC[C@]12[C@@H]3O[C@@H]4[C@H]1[N@]2[C@H]34
dsgdb9nsd_079340,C[C@@H]1[C@@H]2O[C@@H]3[C@H]1[C@@]3(C2)C
dsgdb9nsd_030026,C[C@H]1C=Cc2n1cnc2
dsgdb9nsd_076073,N#C[C@H]1N([C@H]1C)C(=O)C
dsgdb9nsd_059090,O=C[C@H]1[C@H]([C@H]1O)[C@H](O)C
dsgdb9nsd_028669,N#CC1=CN=[C](=N[CH]1)O
dsgdb9nsd_060611,C[C@H](C(=O)N)[C@H]1N[C@H]1C
dsgdb9nsd_122350,CCCO[C@@H]1[C@@H]([C@@H]1O)O
dsgdb9nsd_026644,N#Cc1c[nH]c(c1O)N
dsgdb9nsd_018972,C1=C[C@H]2[C@H]3[C@@H](C1)[C@@H]2O3
dsgdb9nsd_029577,Nc1c[nH]cc1C1CC1
dsgdb9nsd_006594,N#C[C@]12C[C@](C1)(O2)C
dsgdb9nsd_031338,CNc1ccn2c1CC2
dsgdb9nsd_102080,CN[C@H]([C@H](C=O)O)C=O
dsgdb9nsd_093799,C[C@H]1CN[C@H](C(=O)N1)C
dsgdb9nsd_036457,N#CC[C@H]1OC[C@]21CN2
dsgdb9nsd_132143,C[C]1NC=C(C(=C1)[NH])F
dsgdb9nsd_070402,N[C@]12C[C@H]1C[C@]2(O)C#N
dsgdb9nsd_112293,CC[C@H]1NC(=O)[C@@H]2[C@H]1N2
dsgdb9nsd_041807,C1=N[C@H]2CO[C@@H](CO1)C2
dsgdb9nsd_007852,CC(=O)O[C@@H]1C[C@@H]1C
dsgdb9nsd_039764,C1=C[C@@H]2C3([C@H]1C=C2)CC3
dsgdb9nsd_016787,N=C1OC(=O)N2[C@H]1C2
dsgdb9nsd_058365,C#CC[C@H](C(C)C)C#C
dsgdb9nsd_077386,O[C@@H]1[C@]2(C)[C@@H]3[C@]1([N@]2C3)C
dsgdb9nsd_124912,C[C@@]12C[C@H]2N2[C]1[N]C=N2
dsgdb9nsd_011003,O=C1NC[C@@]2([C@H]1C2)C
dsgdb9nsd_018999,O=C1C[C@H]2[C@H]3[C@@H]1[C@@H]2C3
dsgdb9nsd_083561,N#C[C@@H]1[C@H]2OC[C@@H]1[C@@H]2O
dsgdb9nsd_115517,OC[C@@H]1CC[C@@H](O1)CO
dsgdb9nsd_057056,C[C@@H](C#N)N1CC[C@H]1C
dsgdb9nsd_050739,O=C[C@H]1COCOC1=O
dsgdb9nsd_112278,CO[C@@H]1C(=O)N[C@@H]1CO
dsgdb9nsd_048176,C(NC(=N)C=O)CC#C
dsgdb9nsd_067195,N#C[C@H]1[C@@H]2C[N@@]3[C@H]1[C@]23C
dsgdb9nsd_047245,O=C1NCC=CC=CN1
dsgdb9nsd_105704,OCC1(CC1)COC=N
dsgdb9nsd_093772,CC1=C[C@H]([C@H](CC1)C)C
dsgdb9nsd_001210,CC(=O)NCC#N
dsgdb9nsd_017472,O[C@]12C[C@H]3[C@@H]([C@@H]2C1)N3
dsgdb9nsd_049268,O=CC1=CCCC21CC2
dsgdb9nsd_038491,C1[C@@H]2[C@H]1[C@]13[C@@](C2)(C3)CO1
dsgdb9nsd_113166,CC[C@H]1C[C@]1(O)C(=O)C
dsgdb9nsd_085110,C[C@H]1OC(=O)[C@]1(N)C#N
dsgdb9nsd_051427,O=CC[C@@H]1[C@@H]2CC[C@H]1O2
dsgdb9nsd_060822,O=C[C@@H]([C@H]([C@@H]1OC1)C)C
dsgdb9nsd_009894,N=COCC1(O)CC1
dsgdb9nsd_018741,C[C@H]1C[N@@]2[C@H]1C(=O)C2
dsgdb9nsd_041634,C1O[C@H]2[C@@H]1N[C@@H]1[C@H]2OC1
dsgdb9nsd_095303,C[C@H]1CC[C@H]2C[C@@H]1OC2
dsgdb9nsd_103375,CC[C@]1(O)[C@@H]2CC[C@H]1O2
dsgdb9nsd_007661,O[C@@H]1[C@H]2N[C@@H]1[C@@]2(C)O
dsgdb9nsd_076098,N#C[C@H]1[C@H](N1C)[C@H]1CO1
dsgdb9nsd_028682,Cc1ncc([nH]1)CC#N
dsgdb9nsd_039957,C1CC2(C1)CC1(C2)CC1
dsgdb9nsd_056348,N#CC(=[NH2])[N]C1CCC1
dsgdb9nsd_008552,C[C@]12C[C@@H]3[C@H]1[C@@]2(C)C3
dsgdb9nsd_114609,OC[C@H]1C[N@@]2[C@@]1(C=O)C2
dsgdb9nsd_099539,CC[C@H]([C@H](C#N)O)C#C
dsgdb9nsd_013614,C[C@H]([C@H]1C[C@H]1C)CO
dsgdb9nsd_081376,O[C@@H]1CC[C@H]2O[C@@H]1[C@H]2C
dsgdb9nsd_044994,C#C[C@@]12CC(=O)C[N@]2C1
dsgdb9nsd_117300,CCNC(=O)NC(=O)N
dsgdb9nsd_055641,N#CC(NC(=O)N)(C)C
dsgdb9nsd_118033,C[C@H]([C@H](C=O)O)CCO
dsgdb9nsd_075591,N=C1OCCCN=C1N
dsgdb9nsd_004368,Nc1cncc(c1)O
dsgdb9nsd_045452,N=C1O[C@@H]2[C@H](C1=O)NC2
dsgdb9nsd_107113,OC[C@]12N[C@H]1[C@@]1([C@H]2C1)C
dsgdb9nsd_091165,C[C@H]1C[C@@H]2[C@@H]([C@H]1C=C2)C
dsgdb9nsd_003407,C[C@H]1C[C@@H]2[C@H]1[C@@H]2O
dsgdb9nsd_086419,O[C@@H]1C[C@H](O)[C@H]2C[C@@H]1O2
dsgdb9nsd_032802,CCNc1ccoc1O
dsgdb9nsd_065782,N=CO[C@@]1(C)COCC1
dsgdb9nsd_108220,OC[C@]12CC[C@@]2([C@@H]1C)C
dsgdb9nsd_074857,CC1=C[C@@H]2[C@H]([C@]31CO3)O2
dsgdb9nsd_088434,C[C@H]1C[N@]1[C@@]1(C)C[C@H]1C
dsgdb9nsd_002719,OCCOCC=O
dsgdb9nsd_055899,O=C[C@@H]1O[C@@H]1CC(=O)C
dsgdb9_001115_new,NC(=N)NC(=O)C
dsgdb9nsd_015265,CC[C@@H]1[C@@H]([C@@H]1O)CC
dsgdb9nsd_111771,CO[C@H]1[C@@H]2[C@@]1(OC)CO2
dsgdb9nsd_087707,O[C@@H]1C[C@]2([C@@H]1C)C[C@@H]2C
dsgdb9nsd_053230,CC#C[C@H]1N[C@H](C1=O)C
dsgdb9nsd_080068,O[C@H]1[C@H]2C=C[C@H]3[C@@H]1[C@@H]2C3
dsgdb9nsd_130967,O=CCN=c1[nH]nn[nH]1
dsgdb9nsd_098627,COC(=O)[C@@H]1[C@H]2[C@@H]1CO2
dsgdb9nsd_043023,O=C1[C@H]2C[C@@]3([C@@H]1CC3)O2
dsgdb9nsd_097514,OCC#CC(=O)N1CC1
dsgdb9nsd_101562,OC[C@@H](OC(=O)CN)C
dsgdb9nsd_005076,Cc1[nH]cc(c1C)C
dsgdb9nsd_116778,CO/C=N/CC1(C)CC1
dsgdb9nsd_054239,NC(=O)[C@@]1(O)CCC1=O
dsgdb9nsd_098141,OCC(=O)C(=O)NC=O
dsgdb9nsd_063495,C[C@@]1(C[C@@]1(C)O)NC=O
dsgdb9nsd_052890,CC#C[C@@]1(C#C)CN1C
dsgdb9nsd_101204,OC[C@@H](C1CC(=O)C1)C
dsgdb9nsd_043745,C#CC[C@]12CC(=O)[C@@H]2C1
dsgdb9nsd_005710,O1Cc2c(C1)nc[nH]2
dsgdb9nsd_073686,[H].[H].[H].O1C[C@@H]2[C](C1)COC2.[C]
dsgdb9nsd_088352,C[C@H]1CN1C(C#N)C#N
dsgdb9nsd_062953,CC1(C)[C@H]2O[C@H]2C21CC2
dsgdb9nsd_024906,N=C1Cc2c(N1)occ2
dsgdb9nsd_129588,C#Cc1c(N)[nH]nc1O
dsgdb9nsd_015503,C1COC(=N)[C@@H]1C=O
dsgdb9nsd_109658,CO[C@H]1[C@H]([C@]1(C)C=O)C
dsgdb9nsd_053556,CC#CCC1=CCCC1
dsgdb9nsd_111017,CC[C@H]1[C@@H]2C[C@]1(C2)C#N
dsgdb9nsd_087061,CN1C[C@@]1([C@H]1CN1)C#N
dsgdb9nsd_128696,COc1n[nH]nc1C#C
dsgdb9nsd_107675,OC[C@]12CCCC[C@@H]2C1
dsgdb9nsd_091603,O=C1C[C@H]2O[C@@H]1[C@H](O2)C
dsgdb9nsd_045334,N=C1NC[C@@H]2N1C(=O)C2
dsgdb9nsd_072598,C[C@]12NC[C@@]2(CC1=O)O
dsgdb9nsd_003361,O1C[C@H]2[C@@H](C1)CO2
dsgdb9nsd_110309,OC[C@@H]1[C@H]2[C@]1(C)C[C@H]2O
dsgdb9nsd_052648,CC#C[C@H](C(=O)C=O)O
dsgdb9nsd_108546,OC[C@]12CO[C@@H]3[C@H]1N[C@H]23
dsgdb9nsd_013172,N[C@H](C1CCC1)C#N
dsgdb9nsd_055127,C[C@@]12O[C@H]2C[C@H]1C(=O)N
dsgdb9nsd_081410,O=C[C@@H]1C[C@H]2O[C@@H]1[C@H]2O
dsgdb9nsd_117466,CCOC(=O)CNC=O
dsgdb9nsd_109880,CO[C@H]1[C@@H](O)[C@@H]2[C@@]1(C)N2
dsgdb9nsd_126863,CC[N]C1=N[N]NC=C1
dsgdb9nsd_118755,CCC[C@]1(O)C[C@@H](C1)O
dsgdb9nsd_095465,O=CNC1=CCC[C@@H]1C
dsgdb9nsd_103413,C[C@@]1(CO)[C@@H](C)[C@@H]2[N@]1C2
dsgdb9nsd_041152,O1C[C@H]2CC[C@]32C[C@@H]1C3
dsgdb9nsd_007107,CCCC(=O)CC=O
dsgdb9nsd_082119,C#CC[C@H]1[C@@H](C)[C@@H]2[C@H]1O2
dsgdb9nsd_061282,N#CC[C@@H](CC(=O)N)C
dsgdb9nsd_132816,Fc1c(F)ccnc1O
dsgdb9nsd_017314,C[C@H]1[C@@H]2[C@@]1(O)[C@H]1[C@@H]2N1
dsgdb9nsd_051341,O=CO[C@@H]1[C@@H]2O[C@@H]3[C@H]1[C@H]23
dsgdb9nsd_113600,CC[C@H]1O[C@H]1C#CC#C
dsgdb9nsd_085676,C[C@H]1O[C@H](C1(C)C)C#C
dsgdb9nsd_000668,O[C@@H]1[C@H]2[C@@H]1CO2
dsgdb9nsd_071091,N#C[C@]12[C@@H]3[C@H]1C[C@]2(C3)C
dsgdb9nsd_018027,C1C[CH][C]2[C@@H](C1)CC2
dsgdb9nsd_084568,O[C@H]1C=C[C@@H]2[C@@H]3[C@H]1[N@]2C3
dsgdb9nsd_076926,O=C[C@@H]1[C@H](C)C(=O)[C@@H]1O
dsgdb9nsd_048610,O=C[C@]12C[N@](C1)[C@H]2C#N
dsgdb9nsd_105062,COC1(CC1)C1(O)CC1
dsgdb9nsd_093014,O[C@H]1CC=CC2(C1)CC2
dsgdb9nsd_019339,N#C[C@@]12O[C@H]2[C@@H]2[C@H]1N2
dsgdb9nsd_047523,O=C1COC[C@H]2C[C@@H]1C2
dsgdb9nsd_001576,CCO[C@H](CO)C
dsgdb9nsd_058403,C[C@H]([C@H](C#N)OC=O)O
dsgdb9nsd_006219,C[C@@H]1OCC(C1)(C)C
dsgdb9nsd_011765,C#C[C@]12CC[C@H](C1)C2
dsgdb9nsd_057730,O=CCNC(C=O)(C)C
dsgdb9_020984_new,Cn1c(C)noc1=N
dsgdb9nsd_069806,C[C@]12C=C[C@H]3[C@@H]([C@@H]2C1)N3
dsgdb9nsd_083207,N#C[C@@H]1NC[C@H]2[C@@H]1[C@H]2C
dsgdb9nsd_115271,OC[C@@H]1OCC(O1)(C)C
dsgdb9nsd_059709,CC([C@H]1OC[C@@H]2[C@H]1C2)C
dsgdb9nsd_007113,CCNC(=O)NC=O
dsgdb9nsd_041146,C1=C[C@H]2CC[C@@]32C[C@H]1O3
dsgdb9nsd_103407,OC[C@]1(C)[C@@H](O)[C@@H]2[N@]1C2
dsgdb9nsd_095471,O=CN[C]1[N]CC[C@@H]1O
dsgdb9nsd_132802,Fc1ccnc(c1O)N
dsgdb9nsd_061296,N#CC[C@@H](CC(=O)N)N
dsgdb9nsd_008220,CC(=O)CN1CCC1
dsgdb9nsd_085662,CC1=C[C@H](N[C@H]1C#N)C
dsgdb9nsd_113614,CC[C@H]1O[C@H]1C#CC=O
dsgdb9nsd_051355,O=CO[C@@H]1[C@@H]2[C@@H]3[C@H]1[C@H]2C3
dsgdb9nsd_017300,O[C@]12CC[C@H]1[C@@H]1[C@H]2O1
dsgdb9nsd_104368,CC[C@@]1(O)CCNC1=O
dsgdb9nsd_018033,C1CN=C2[C@@H](O1)CO2
dsgdb9nsd_046629,O=C1COC2=NCCN12
dsgdb9nsd_071085,O=C1[C@@H]2O[C@@]3([C@H]1[C@H]2C3)C
dsgdb9nsd_048604,O=C[C@]12C[C@H](C1)[C@H]2C#N
dsgdb9nsd_076932,O=C[C@@H]1[C@@H]([C@@]1(C)C#N)O
dsgdb9nsd_001562,C[C@@H](C=O)COC
dsgdb9nsd_047537,N=C1OCC[C@H]2[C@@H](C1)O2
dsgdb9nsd_093000,O[C@H]1CC=C[C@@]2([C@H]1C2)C
dsgdb9nsd_105076,CCC1(CC1)[C@H]1C[C@H]1C
dsgdb9nsd_102719,CC[C@H](C#N)C[C@H]1CO1
dsgdb9nsd_040258,O1C[C@H]2O[C@H]2[C@]2(C1)CO2
dsgdb9nsd_058417,CC([C@]1(C)[C@@H]([C@@H]1O)O)C
dsgdb9nsd_115265,OC[C@H]1OCC(=C1)C#C
dsgdb9nsd_083213,N#C[C@@H]1NC[C@H]2[C@@H]1N2C
dsgdb9nsd_069812,C[C@]12C=C[C@H]3[C@@H]([C@@H]2O1)C3
dsgdb9nsd_057724,C[C@](C#C)(COC=O)O
dsgdb9nsd_060188,C[C@H](C[C@H]1C[C@H]1C#C)O
dsgdb9nsd_011771,N#C[C@]12OC[C@H](C1)C2
dsgdb9nsd_012278,OC[C@@H]1O[C@@H]([C@@H]1C)C
dsgdb9nsd_063481,C#CC[C@@]1(C)OC1(C)C
dsgdb9nsd_098155,C[C@](C(=O)CO)(C#C)O
dsgdb9nsd_005704,N1Cc2c(C1)nco2
dsgdb9nsd_043751,C([C@]12CC(=O)[C@@H]2N1)C#N
dsgdb9nsd_101210,C[C@@H]([C@H]1CC(=O)N1)CC
dsgdb9nsd_097266,[NH2]=C[N][C@](C#N)(C=O)C
dsgdb9nsd_052884,CC#C[C@]1(CO1)[C@H]1CO1
dsgdb9nsd_024912,C1[C]2N[CH]N=C2OC1=N
dsgdb9nsd_090509,C#CCN1[C@H]2[C@@H]1C[C@@H]2C
dsgdb9nsd_062947,CC1(C)[C@H]2C[C@H]2C21CC2
dsgdb9nsd_088346,O[C@H]1C[C@H]1C(=O)OC=N
dsgdb9nsd_073692,O[C@]12COC[C@@H]2OCC1
dsgdb9nsd_087075,C[C@@]1(C[C@@H]1C)C#CC#N
dsgdb9nsd_111003,CC[C@H]1[C@@H]2CO[C@]1(C2)C
dsgdb9nsd_053542,CC#CC[C@@]1(C#N)CN1
dsgdb9nsd_118999,C[C@]1(CCC)COCO1
dsgdb9nsd_015517,O=CN1CCOC1=O
dsgdb9nsd_003375,C#C[C@@H]1[C@H]2[C@@H]1CC2
dsgdb9nsd_089058,C[C@H]1CN1CC[C@H]1CO1
dsgdb9nsd_045320,O=C1C[C@@H]2N1CC=CC2
dsgdb9nsd_091617,O[C@H]1C[C@@H]2O[C@H]1C(=O)O2
dsgdb9nsd_107661,CC[C@]12CCCO[C@@H]2C1
dsgdb9nsd_128682,COc1n[nH]c(c1)C=O
dsgdb9nsd_014609,N=COCCCC#N
dsgdb9nsd_108552,CC[C@]12CC[C@@H]3[C@H]1[C@H]2O3
dsgdb9nsd_043989,O=C1N[C@]23[C@@]1(CCC3)C2
dsgdb9nsd_117472,COCC(=O)CCC=O
dsgdb9nsd_081404,C#C[C@@H]1O[C@@H]2C[C@H]1[C@H]2O
dsgdb9nsd_013166,C[C@@H](C#C)[C@H]1CCO1
dsgdb9nsd_096178,C[C@H]1COC[C@@H]2[C@H]1CC2
dsgdb9nsd_118741,C[C@]1(COC)CC(=N)O1
dsgdb9nsd_126877,CC/N=c/1\onc([nH]1)O
dsgdb9nsd_109894,OC[C@@H]1N(C)[C@H]2[C@@H]1OC2
dsgdb9nsd_055655,O=CC(OC(=O)N)(C)C
dsgdb9nsd_117314,COCC(=N)NC(=O)N
dsgdb9nsd_044980,C1[C@H]2[C@@]1(OC(=N)O2)C#N
dsgdb9nsd_081362,O[C@H]1C=C[C@@H]2C[C@H]1[C@H]2C
dsgdb9nsd_013600,CN1C[C@H]1C(=O)CO
dsgdb9nsd_042329,C#CC#CC(=O)N1CC1
dsgdb9nsd_100668,OC[C@@H](C(CO)(C)C)O
dsgdb9nsd_075585,O=C1OCOCC=C1C
dsgdb9nsd_118027,N[C@H]([C@H](C#N)O)CCO
dsgdb9nsd_003413,O=C1C=C[C@@H]2[C@H]1N2
dsgdb9nsd_091171,C[C@H]1O[C@@H]2C=C[C@H]1C=C2
dsgdb9nsd_107107,OC[C@]12C[C@H]([C@@H]2C1)C=O
dsgdb9nsd_045446,O=C1O[C@@H]2CO[C@H]1OC2
dsgdb9nsd_074843,CC1=C[C@@H]2[C@H](C1(C)C)C2
dsgdb9nsd_108234,CC[C@]12OC[C@@]2([C@H]1O)O
dsgdb9nsd_065796,N#C[C@]1(C)NC=CC1=O
dsgdb9nsd_032816,COCc1nc[nH]c1C
dsgdb9nsd_044758,C#C[C@]12C[C@H](C1)CC2=O
dsgdb9nsd_106219,CC[C@]12C=C[C@@H]3[C@H]1[C@H]2O3
dsgdb9nsd_088420,O[C@@H]1C[C@@H]1[C@]1(C)C[C@H]1O
dsgdb9nsd_053224,CC#CC1CC(C1)(C)C
dsgdb9_132883_new,OC1=CC(=C(N[CH]1)[NH])F
dsgdb9nsd_087713,C[C@H]1C[C@@]2([C@H]1O)CN2C
dsgdb9nsd_111765,OC[C@@H]1[C@H]2[C@]1(OC)CO2
dsgdb9nsd_015271,CO[C@@H]1[C@@H]([C@@H]1C)OC
dsgdb9nsd_064488,C[C@]1(O)COCOCC1
dsgdb9nsd_098633,CCC(=O)[C@H]1CC(=N)O1
dsgdb9nsd_130973,O=CCNc1cnno1
dsgdb9nsd_119339,CCC[C@@]12[C@@H]3C[C@H]2[C@H]1O3
dsgdb9nsd_005062,Nc1c[nH]c(c1C)C
dsgdb9nsd_101576,CC[C@H](NC(=O)NC)C
dsgdb9nsd_097500,NC(=O)C(=O)C#CCO
dsgdb9nsd_043037,N#C[C@]12C(=O)[C@@H]3[C@H]1[C@H]2N3
dsgdb9nsd_094009,O=C[C@@H]1CC[C@@H]([C@@H]1O)O
dsgdb9nsd_124906,C[C@@]1(O)Cn2c1ncn2
dsgdb9nsd_077392,C[C@H]1[C@]2(C)[C@@H]3[C@]1([C@H]2C3)O
dsgdb9nsd_029588,Oc1c[nH]cc1N1CC1
dsgdb9nsd_058371,C#CC[C@H]([C@H](O)C)C#N
dsgdb9nsd_057042,O[C@@H](C#N)[C@H]1NCC1=O
dsgdb9nsd_009658,O[C@@]1(C[C@@H]1CO)C#N
dsgdb9nsd_115503,CC[C@H]1CC[C@H](O1)OC
dsgdb9nsd_083575,O[C@H]1[C@@H]2OC=N[C@H]1CC2
dsgdb9nsd_011017,N=C1OC[C@@]2([C@H]1C2)O
dsgdb9nsd_067181,O[C@]12[C@H]3N[C@@H]2[C@@H]1CC3=O
dsgdb9nsd_016778,N=C1NC(=N)[C@@H]2[C@H]1O2
dsgdb9nsd_048162,O=CC(=O)OC1COC1
dsgdb9nsd_001204,O=CC#CC(=O)N
dsgdb9nsd_093766,C[C@H]1OCC(=CC1=O)N
dsgdb9nsd_105710,CC[C@]1(CCC=C1)C#C
dsgdb9nsd_047251,N=C1NCC=CCC1=O
dsgdb9_133410_new,Fc1cc(=N)[nH]nc1F
dsgdb9nsd_051433,O=CO[C@@H]1[C@H]2OC[C@@H]1C2
dsgdb9nsd_085104,C[C@H]1OC(=N)[C@]1(N)C#N
dsgdb9nsd_113172,CCN1C[C@]1(C)C(=O)C
dsgdb9nsd_038485,N1[C@@H]2[C@H]1[C@]13[C@@](C2)(C3)CO1
dsgdb9nsd_017466,C[C@@]12C[C@@H]3[C@H]([C@H]2N1)O3
dsgdb9nsd_018755,C[C@H]1C[N@@]2[C@H]1[C@@H](C2)O
dsgdb9nsd_101927_new,CN[C@H](C(=O)O)[C@H]1CO1
dsgdb9nsd_009880,C#CCCC1(O)CC1
dsgdb9nsd_026863,Cc1oc(=O)cnc1N
dsgdb9nsd_092478,C[C@H]1O[C@@H]2CC[C@H]1CC2
dsgdb9nsd_060836,N=CN([C@H](C=O)C)C=O
dsgdb9nsd_039943,C1=C[C@@]2([C@H]3[C@@H](C1)N3)CO2
dsgdb9nsd_028696,Oc1cnc([nH]1)CC#N
dsgdb9nsd_007675,C[C@@]1(O)C[C@@H]2[C@H]1CO2
dsgdb9nsd_103361,CO[C@]1(C)[C@H]2C=C[C@@H]1C2
dsgdb9nsd_095317,O[C@H]1CC[C@H]2C[C@@H]1CC2
dsgdb9nsd_041620,C1C[C@H]2[C@@H]1[CH][C]1[C@H]2CC1
dsgdb9nsd_010309,CN[C@H]([C@H](O)C)C#N
dsgdb9nsd_008546,C[C@@]12C[C@@H]3[C@H]2[N@](C1)C3
dsgdb9nsd_004354,Nc1ccnc(n1)C
dsgdb9nsd_096636,C/N=C(/N(C(=O)N)C)\C
dsgdb9nsd_100640,C[C@@](C#N)([C@H](CO)N)O
dsgdb9nsd_042301,C1CC=C[C@H]1C(=O)C#C
dsgdb9nsd_111995,OC[C@H]1N=CN2[C@H]1[C@@H]2C
dsgdb9nsd_120590,C[C@@]1(C[C@@H]1COC)C#C
dsgdb9nsd_099505,COC(=O)[C@H](C#C)CO
dsgdb9nsd_013628,CC[C@H]([C@H]1CN1C)O
dsgdb9nsd_024084,C(c1c[nH]cn1)CC#C
dsgdb9nsd_052112,O=CCN[C@]12CO[C@@H]2C1
dsgdb9nsd_110453,CO[C@H]1[C@@H]2[N@@]3[C@H]1[C@@H]([C@H]23)C
dsgdb9nsd_086425,C[C@@H]1O[C@@H]([C@H]2[C@@H]1CC2)C
dsgdb9nsd_014147,C[C@H]1C[C@]21CCCO2
dsgdb9nsd_034297,C#C[C@@]12CC[C@H](C2)CO1
dsgdb9nsd_091159,O[C@@H]1C=C[C@H]2[C@@H]1[C@@H](O)C2
dsgdb9nsd_121856,CCCC[C@H](C#CC)C
dsgdb9nsd_130783,C(n1cnoc1=O)C#C
dsgdb9nsd_089716,C[C@@H]1C[C@]2(C1)C[C@]2(C)O
dsgdb9nsd_109102,CNC1=NCC(=O)C1=O
dsgdb9nsd_015259,CC[C@@H]1[C@@H]([C@@H]1C)CC
dsgdb9nsd_100898,CO[C@H]([C@H](CO)C)C#C
dsgdb9nsd_088408,O[C@H]1C[C@H]1[C@H](C#C)C=O
dsgdb9nsd_002725,CCCOCCO
dsgdb9nsd_106231,CC[C@]12N=CO[C@H]1[C@H]2C
dsgdb9nsd_090247,O[C@H]1C[C@@]23C[C@@H]1[C@H]2CC3
dsgdb9nsd_035189,C1[C@H]2O[C@H]2[C@@]21N[C@@H]2C#C
dsgdb9nsd_044770,N=C1O[C@H]2C[C@]31CC[C@@H]23
dsgdb9nsd_023933,C#CC#Cc1ncco1
dsgdb9nsd_097528,C#C[C@H](C#CCC)C#N
dsgdb9nsd_065966,O=C[C@]1(C)COC21CC2
dsgdb9nsd_119311,CCCC1(CCC1)C=O
dsgdb9nsd_054563,NC(=O)[C@]12N[C@@H]3[C@H]1N[C@H]23
dsgdb9nsd_080054,C[C@H]1[C@H]2C=C[C@H]3[C@@]1([C@@H]23)C
dsgdb9nsd_116022,CCN1CCC=CC1=O
dsgdb9nsd_012536,C[C@@H]1OCC=CCO1
dsgdb9nsd_071913,O[C@]12C[C@@H]3[C@H](C1)O[C@@H]3C2
dsgdb9nsd_122387,OCCC[C@H]1[C@@H]2[N@]1CC2
dsgdb9nsd_037946,C1C=C[C@H]2[C@H]3[C@@H](C1)[C@@H]2O3
dsgdb9nsd_009670,OC[C@@H]1C[C@@]1(C)CO
dsgdb9nsd_078089,N#C[C@@H]1O[C@@]2([C@H]1[C@@H]2C)C
dsgdb9nsd_026693,Cc1[nH]c(c(c1O)O)O
dsgdb9nsd_058359,O=C[C@@H](C1CC1)[C@H](O)C
dsgdb9nsd_006543,CC1(CC1)C(O)(C)C
dsgdb9nsd_094021,C[C@H]1CO[C@@H](C=C1)C#C
dsgdb9nsd_102057,CCN(C(=[NH2])[N]C)C=O
dsgdb9nsd_040516,C1N[C@H]1[C@@]12CO[C@H]2CN1
dsgdb9nsd_019463,O=C[C@@H]1[C@H]2C=C[C@@H]1O2
dsgdb9nsd_047279,N=C1OCOC(=N)C=C1
dsgdb9nsd_036480,N#CCN1CC[C@H]1C#N
dsgdb9nsd_105738,CC[C@]1(OCC=C1)C=O
dsgdb9nsd_050705,O=C[C@H]1OCC[C@@H]2[C@H]1O2
dsgdb9nsd_112244,CC[C@H]1OC(=O)[C@H]1C=O
dsgdb9nsd_084232,C[C@H]1[N][C]2[C@@]3([C@H]1[C@@H]3N2)O
dsgdb9nsd_016750,O=CN1C[C@@H]2[C@H](C1)O2
dsgdb9nsd_028866,Cc1c(C)cncc1N
dsgdb9nsd_007885,CC1=C[C@H](C(=O)C1)O
dsgdb9_127200_new,Cn1c(C=O)noc1=N
dsgdb9nsd_000132,OCCC=O
dsgdb9nsd_104426,C[C@]1(CC)CCOC=N1
dsgdb9nsd_092450,C[C@H]1C[C@@H]2[C@@H]([C@H]1CO2)O
dsgdb9nsd_046167,C#C[C@]1(C#N)CNC1=N
dsgdb9nsd_069184,C[C@@]12C[C@H]2C(=O)[C@H]1C#C
dsgdb9nsd_049254,O=CC1=NCC=CCO1
dsgdb9nsd_093996,O[C@H]1CCN(C1=O)C=O
dsgdb9nsd_056374,N#CC(C1CC1)(C#N)N
dsgdb9nsd_079397,C[C@H]1[C@H]2[C@H]3[C@@]1([C@@]2(C3)C)C
dsgdb9nsd_082643,C[C@H]1[C@H]2N[C@H]3[C@@]1([C@@]23O)O
dsgdb9nsd_114635,CO[C@H]1C[C@@H]2[C@@]1(CO)O2
dsgdb9nsd_010321,CCN(C(=O)C)C=O
dsgdb9nsd_123099,CCCOCCC(=O)N
dsgdb9nsd_041608,C1C=C[C@]2(O1)[C@@H]1[C@H]2CO1
dsgdb9nsd_103349,CO[C@]1(C)[C@@H]2O[C@H]1[C@@H]2C
dsgdb9nsd_059047,CC(C1=CCCCC1)C
dsgdb9nsd_016988,C1C[C@@]23C[C@@H]1[C@H]2OC3
dsgdb9nsd_082125,O[C@@H]1[C@H](CC#N)[N@]2[C@@H]1C2
dsgdb9nsd_114153,CO[C@H]1C[C@@]2([C@H]1N2)C#C
dsgdb9nsd_056412,C#CCC#C[C@H](C#C)C
dsgdb9nsd_008208,O[C@]12CCO[C@@]2(C1)C
dsgdb9nsd_010447,N#CC[C@]1(C#N)NC1
dsgdb9nsd_021842,[CH]1O[N]N=C1OC=O
dsgdb9nsd_095459,N#CCC1=CCC[C@@H]1C
dsgdb9nsd_030797,OCc1oc(cc1N)C
dsgdb9nsd_067817,O[C@]12C=C[C@@H]3O[C@H]1[C@H]2O3
dsgdb9nsd_059721,CC([C@H]1CCC=C1C)C
dsgdb9nsd_000654,O[C@@H]1[C@@H]2C[C@H]1O2
dsgdb9nsd_011981,O=C1[C@@H]2N[C@@H]2[C@@]1(C)O
dsgdb9nsd_046601,O=C1OC[C@]23[C@@]1(NC3)C2
dsgdb9nsd_104340,CC[C@@]1(C)CCC=CC1
dsgdb9nsd_092336,C[C@@H]1OC[C@H]2[C@@H]1[C@@H](C)O2
dsgdb9nsd_078937,C[C@H]1[C@H]2[C@H]3[C@@H]1[C@]1([C@@H]2[C@@H]31)O
dsgdb9nsd_017328,C[C@]12C[C@H]1C[C@@H]1[C@H]2O1
dsgdb9nsd_049532,O=CN1[C@@H]2C[C@H]1[C@]12NC1
dsgdb9nsd_124090,O1CC(C1)n1nccn1
dsgdb9nsd_020584,Cc1c(cn[nH]1)C#N
dsgdb9nsd_093028,C[C@H]1CC=C[C@@H]2C[C@H]1O2
dsgdb9nsd_019305,C1CC1CCN1CC1
dsgdb9nsd_123927,C1COc2c(C1)nno2
dsgdb9nsd_112522,CC[C@H]1O[C@H]([C@H]1O)C#N
dsgdb9nsd_084554,C[C@H]1C=C[C@@H]2[C@]31C[C@H]2O3
dsgdb9nsd_050063,O=C(C#C)[C@@H]1O[C@@H]1C=O
dsgdb9nsd_016036,N#C[C@@]12CO[C@@H]1[C@@H]2C
dsgdb9nsd_011759,OC[C@]12C[C@@H]([C@@H]2C1)O
dsgdb9nsd_009116,CCC#CC(=O)C#C
dsgdb9nsd_006225,C[C@H]1COC(O1)(C)C
dsgdb9nsd_040270,C1CC=CC2(CC1)CC2
dsgdb9nsd_085892,O=C[C@H]1[C@@H](C)OC1(C)C
dsgdb9nsd_031489,NCc1nc(c(o1)C)N
dsgdb9nsd_094747,C[C@H]1CC[C@@]2([C@H]1O2)C#C
dsgdb9nsd_102731,CO[C@H](C#N)C[C@H]1CN1
dsgdb9nsd_101238,CO[C@H]([C@H]1C[C@H](O1)C)C
dsgdb9_026304_new,C[C@H](c1coc(=N)o1)O
dsgdb9nsd_032180,OC[C]1N=CN=[C](=N1)O
dsgdb9nsd_043779,N#C[C@]12C[C@H](C1)C(=N)O2
dsgdb9nsd_119477,COC[C@]12C[C@@H]([N@@]2C1)C
dsgdb9nsd_080732,N#C[C@@H]1C[C@@H]2[C@H](C1)[C@@H]2C
dsgdb9nsd_116744,CC/N=C/NC(=N)OC
dsgdb9nsd_107891,CO[C@]12C[N@@]3[C@H]1[C@@H]([C@H]23)C
dsgdb9nsd_128872,N#CC#Cc1nocn1
dsgdb9nsd_012250,CN1[C@@H](CO)CC1=O
dsgdb9nsd_126687,CN([C]1N[N]C=N1)CC
dsgdb9nsd_109664,OC[C@@H]1[C@@H]([C@@]1(C)CO)C
dsgdb9_030449_new,C/N=c/1\cccc(o1)O
dsgdb9nsd_022393,O/N=C(/CC1COC1)\C
dsgdb9nsd_002043,CC1(C)[C@@H]2C[C@H]1C2
dsgdb9nsd_044016,O=C1C[C@@]23[C@H]4[C@@H]1[C@@H]2[N@]4C3
dsgdb9nsd_106557,CC[C@]12O[C@H]([C@H]1C)[C@H]2C
dsgdb9nsd_090521,N#C[C@@H]1C[C@@H]2[C@H]1C[C@@H]2C
dsgdb9nsd_110335,CC[C@@H]1[C@H]2[C@@H]1[C@@H](C2=O)C
dsgdb9nsd_086343,CN1C[C@H]([C@H]1[C@H]1CO1)O
dsgdb9nsd_052674,CC#C[C@H](C1(C)CC1)O
dsgdb9nsd_014621,O=COCCCC#N
dsgdb9nsd_107649,CO[C@@]12C[C@H]2OCC=C1
dsgdb9nsd_045308,O=C1C[C@@H]2[C@H](N1)C=CC2
dsgdb9nsd_089070,O[C@H]1C[C@H]1CC[C@H]1CO1
dsgdb9nsd_004432,Cc1oc(=O)oc1C
dsgdb9nsd_118769,OCC[C@@]1(O)CC1(C)C
dsgdb9nsd_042467,C([C@H]1CO1)NC(=N)C#N
dsgdb9nsd_096150,C[C@@H]1OCC[N@]2[C@@H](C1)C2
dsgdb9nsd_100126,OCC(O/C=N/C)(C)C
dsgdb9nsd_055558_new,N=C(N1CC1)CC(=O)O
dsgdb9nsd_073862,O=C[C@@H]1CC(=C(C1)C)C
dsgdb9nsd_099263,C[C@H](COC(=O)CN)O
dsgdb9nsd_035837,N#CC1=CCN[C@@H]1C#N
dsgdb9nsd_005738,OC1=N[CH][N@@]2[C]1CC2
dsgdb9nsd_119463,CCC[C@@]12C[C@H]([C@H]2O1)O
dsgdb9nsd_032194,OCc1ccccc1C
dsgdb9nsd_012244,CC[C@H]1OC(=N)[C@H]1N
dsgdb9nsd_098169,C[C@@](C(=O)OC)(C#C)N
dsgdb9nsd_128866,c1nc(on1)C#CC#N
dsgdb9nsd_107885,OC[C@]12C[C@@H]3[C@H]1N([C@H]23)C
dsgdb9nsd_054211,CC(=O)[C@]1(O)CC=CC1
dsgdb9nsd_116750,CC/N=C/OC(=O)CN
dsgdb9nsd_080726,C#CCN1C[C@H]2[C@@H]1[C@H]2O
dsgdb9nsd_087049,N#C[C@@]1(N[C@@H]1C)[C@H]1CN1
dsgdb9nsd_022387,C[C@]12C[C@H](O1)C/C/2=N\O
dsgdb9nsd_109670,CO[C@@H]1[C@@H]([C@]1(C)CC)O
dsgdb9nsd_126693,CN(c1ccon1)CC
dsgdb9nsd_090535,N#C[C@@H]1O[C@@H]2[C@H]1O[C@@H]2C
dsgdb9nsd_106543,CO[C@@]12C[C@@H]([C@H]1O)C2=O
dsgdb9nsd_044002,O=C1N[C@]23[C@@](C1)(C3)CC2
dsgdb9nsd_002057,O=C1COC=NC1
dsgdb9nsd_014635,N#CCC#CC#CC
dsgdb9nsd_101793_new,CN(CC)CCC(=O)O
dsgdb9nsd_052660,N#C[C@@H]([C@@H](C#CC)N)O
dsgdb9nsd_023099,C#C[C@@H]1CCC/C/1=N\O
dsgdb9nsd_086357,CN1C[C@H]([C@H]1CC#N)O
dsgdb9nsd_110321,OC[C@H]1[C@@H]2[C@@]1(O)CN2C
dsgdb9nsd_003349,C1N=C2[C@@H](C1)CO2
dsgdb9nsd_089064,C[C@H]1O[C@H]1COC1CC1
dsgdb9nsd_116988,CCNC(=O)C#CC#N
dsgdb9nsd_100132,C[C@@](CO)(CCC#C)O
dsgdb9nsd_096144,O[C@H]1CCC[C@@H]2C[C@H]1O2
dsgdb9nsd_042473,N#CC(=O)CCN1CC1
dsgdb9nsd_004426,[NH]C1=N[CH]N=C(O1)O
dsgdb9nsd_081438,CN1[C@H]2C[C@@H]1[C@@]1([C@H]2O1)C
dsgdb9nsd_035823,N#C[C@H]1NC[C@@H]2[C@H]1CO2
dsgdb9nsd_099277,CNC(=O)OCC(C)C
dsgdb9nsd_073876,O=CC1=C(C)CNC1=O
dsgdb9nsd_010453,C([C@@]1(CN1)C=O)C#N
dsgdb9nsd_056406,O[C@H](C#CC1CC1)C#C
dsgdb9nsd_114147,CC[C@H]1N[C@@]2([C@H]1C2)C#N
dsgdb9nsd_082131,O=CN[C@@H]1[C@H](C)[N@]2[C@@H]1C2
dsgdb9nsd_059735,CC([C@H]1CCOC1=N)C
dsgdb9nsd_067803,C[C@]12[C@H]3C=C[C@@]2([C@@H]1C3)C
dsgdb9nsd_030783,COc1ccn(c1N)C
dsgdb9nsd_021856,OC1=CC(=N[N]N1)[NH]
dsgdb9nsd_078923,C[C@@H]1[C@H]2[N@]3[C@@H]1[C@H]1[C@@H]2[C@@]31C
dsgdb9nsd_086828_new,[NH3]C1CN(C1)CC(=O)[O]
dsgdb9nsd_092322,C[C]1CO[C@H]2[C]1[C@@H](O)C2
dsgdb9nsd_104354,C[C@@]1(CO)CCOC1=O
dsgdb9nsd_046615,O=C1OCC2=C1CCC2
dsgdb9nsd_011995,C[C@H]1[N@]2C[C@H]2C1(C)C
dsgdb9nsd_000640,C1CC2(C1)CC2
dsgdb9nsd_113628,CC[C@H]1O[C@H]1C(=O)C#N
dsgdb9nsd_020590,Cc1onnc1C=O
dsgdb9nsd_051369,O=CCN1[C@@H]2[C@H]1[C@H]1[C@@H]2O1
dsgdb9nsd_124084,O1CC(C1)c1nonn1
dsgdb9nsd_049526,O=C[C@H]1[C@H]2C[N@@]1C12CC1
dsgdb9nsd_123933,C1COc2c(N1)cno2
dsgdb9nsd_019311,C1CC1C#CC1CC1
dsgdb9nsd_016022,C1OCC2(CO1)CC2
dsgdb9nsd_048638,O=C[C@]12C=C[C@@H](C2)C=C1
dsgdb9nsd_050077,O=C[C@H]1C[N@]1C1COC1
dsgdb9nsd_084540,C[C@H]1C=C[C@H]2[C@@H]1[C@]2(C)O
dsgdb9nsd_112536,OC[C@H]1O[C@H]([C@H]1O)C#C
dsgdb9nsd_115259,CO[C@H]1OCC(=C1)C#N
dsgdb9nsd_057718,C[C@](C#C)(CCC=O)O
dsgdb9nsd_009102,O=COC[C@@H](C=O)O
dsgdb9nsd_102725,CN[C@H](C#N)CC1CC1
dsgdb9nsd_094753,C[C@H]1NC[C@@]2([C@H]1O2)C#N
dsgdb9nsd_085886,N#C[C@H]1N(C)C[C@@]1(C)O
dsgdb9nsd_040264,C1C=CCC2(CO1)CC2
dsgdb9nsd_006231,C[C@H]1C([C@]1(C)O)(C)C
dsgdb9nsd_026687,Nc1oc(c(c1C)O)C
dsgdb9nsd_009664,C[C@@]1(N[C@@H]1CC)C=O
dsgdb9nsd_083549,O[C@@H]1[C@@H]2OC[C@H]1C12CC1
dsgdb9nsd_037952,C1CO[C@H]2[C@H]3[C]([CH]1)C[C@@H]23
dsgdb9nsd_122393,CCCCC1CC(=O)C1
dsgdb9nsd_071907,C[C@]12C[C@H]3[C@@H](O2)[C@@H](C1)C3
dsgdb9nsd_040502,C1N[C@H]1[C@]12O[C@@H]3[C@H]1[C@H]2C3
dsgdb9nsd_102043,COC(=N)[C@H](C=O)CO
dsgdb9nsd_094035,C[C@H]1OCC(=C1)CC#N
dsgdb9nsd_006557,CC(C[C@@H]1OC1)(C)C
dsgdb9nsd_001238,O=CC#C[C@H](O)C
dsgdb9nsd_036494,C(C#N)[C@H]1NC[C@@H]2[C@H]1O2
dsgdb9nsd_019477,CC[C@@H]1[C@H]2OC[C@@H]1C2
dsgdb9nsd_007891,O=C1OC(=N[C@@H]1C)C
dsgdb9nsd_028872,Cc1c(C)ncnc1O
dsgdb9nsd_016744,O=C[C@@H]1C[N@]2[C@@H](C1)C2
dsgdb9nsd_084226,O[C@H]1[CH][C]2[C@]3([C@@H]1[N@]3C2)C
dsgdb9nsd_112250,OC[C@H]1OC(=O)[C@H]1C=O
dsgdb9nsd_050711,O=C[C@H]1CCCC=CC1
dsgdb9nsd_069190,C[C@@]12N[C@H]2C(=O)[C@H]1C#N
dsgdb9nsd_018769,C[C@]12[C@@H]3C[C@@H]4[C@H]1[C@H]2[C@H]34
dsgdb9nsd_046173,C#C[C@]1(C#N)CCC1=O
dsgdb9nsd_092444,O[C@H]1C[C@H]2[C@@H]([C@@H]1OC2)C
dsgdb9nsd_104432,C[C@@]1(COCC=C1)OC
dsgdb9nsd_000126,OCCC#C
dsgdb9nsd_085138,C[C@H]1OC(=N)C21COC2
dsgdb9nsd_049240,C1[C@@H]2C[C@@H]2NC=C1C=O
dsgdb9nsd_010335,CO[C@H](C(C)C)C=O
dsgdb9nsd_114621,CC[C@H]1C[C@@H]2[C@@]1(CO)C2
dsgdb9nsd_082657,O=C1[C@H]2C[C@H]3[C@@H]1[N@@]2[C@H]3C
dsgdb9nsd_079383,C#C[C@]12N[C@@H]3[C@H]1[C@H]([C@H]23)O
dsgdb9nsd_027599,NC1=[N]=C(N=C[N]1)C#N
dsgdb9nsd_056360,C#CC([C@@H]1NC1)(C#C)C
dsgdb9nsd_093982,C[C@H]1CC[C@H](C1=O)C=O
dsgdb9nsd_059053,C[C@H](C1=CCOCC1)O
dsgdb9nsd_111981,OC[C@H]1C=C[C@H]([C@H]1O)O
dsgdb9nsd_042315,C#CC(=O)[C@@H]1COCC1
dsgdb9nsd_100654,CO[C@H](C(C#N)(C)C)C
dsgdb9nsd_096622,C[N]C(=[NH2])C(=O)[C@H]1CN1
dsgdb9nsd_004340,Cc1cccc(n1)C
dsgdb9nsd_055669,O=C[C@H](OC(=O)N)C#N
dsgdb9nsd_024090,C(C#C)Nc1cocn1
