filename,smiles
dsgdb9nsd_035176,N#C[C@H]1N[C@]12[C@@H]1C[C@H]2C1
dsgdb9nsd_131462,O=COc1nonc1O
dsgdb9nsd_073123,C[C@]12CC[C@H]1C[N@]1C[C@H]12
dsgdb9nsd_096811,C/N=C1\OC(=O)C[C@H]1N
dsgdb9nsd_100867,C[C@@H](CO)[C@H](C#N)CO
dsgdb9nsd_063330,CC1(C)CC(=O)OC1=N
dsgdb9nsd_089931,C[C@H]1N[C@@]2(C#N)CN[C@@H]12
dsgdb9nsd_121671,O=C(OCCO)N1CC1
dsgdb9nsd_025365,O=Cc1cn2c(n1)CC2
dsgdb9nsd_065999,N=C1OC[C@@]1(N)[C@H]1CN1
dsgdb9nsd_032619,C#Cc1cn(CC)cn1
dsgdb9nsd_044957,O=C1C[C@H]2COC[C@@H]1O2
dsgdb9nsd_055682,CC(=O)CC1(C)COC1
dsgdb9nsd_002902,O=CC1=NCCO1
dsgdb9nsd_033507,N#C[C@@]1(CC2CC2)CO1
dsgdb9nsd_075552,CC1=CCCN[C@H]1C#N
dsgdb9nsd_045491,O=C1N[C@H]2CC[C@@H]3[C@H]2N13
dsgdb9nsd_034268,N#C[C@@]12O[C@H]3CO[C@@H]1[C@H]32
dsgdb9nsd_128133,CNc1c(N)nnn1C
dsgdb9nsd_065741,O=CCC1(O)CC=CC1
dsgdb9nsd_074894,NC1=N[C@H]2C[C@H]2NC1=O
dsgdb9nsd_023714,Oc1ccc(F)cc1
dsgdb9nsd_124709,C[C@@H](CO)n1nnnn1
dsgdb9nsd_038452,C1CO[C@]2(C1)C[C@H]1N[C@H]12
dsgdb9nsd_066248,CC1([C@H]2CO2)OCCO1
dsgdb9nsd_009857,CC#CC[C@@]1(C)CN1
dsgdb9nsd_018782,O=C1[C@H]2C[C@H]3C[C@@H]1[C@H]32
dsgdb9nsd_046198,O=C1NC[C@]12[C@@H]1C[C@H]2O1
dsgdb9nsd_133275,C[N]C1=N[N]OC=C1F
dsgdb9nsd_071734,C[C@]12[C@@H]3[C@@H]4O[C@@]1(C)[C@H]2[C@@H]43
dsgdb9nsd_028641,Cc1ccc(C#N)cn1
dsgdb9nsd_039994,C1=N[C@@H]2CC3(CC3)[C@@H]2O1
dsgdb9nsd_016977,C1=C[C@@]23C[C@@H]1[C@H]2CO3
dsgdb9nsd_050922,N#C[C@H](NC=O)C1CC1
dsgdb9nsd_061527,C#C[C@H](O)CC1(C)CC1
dsgdb9nsd_123066,CCCCC/N=C/OC
dsgdb9nsd_079368,C[C@@H]1[C@@H]2[C@H]3C[C@]2(C#N)[C@@H]13
dsgdb9nsd_008591,O=C1O[C@]23C[C@H](C2)[C@@H]13
dsgdb9nsd_093969,C[C@H]1CCC(C=O)=C1N
dsgdb9nsd_027572,Cc1cccc(C#N)n1
dsgdb9nsd_077345,N#C[C@@H]1COC(=O)[C@H]1O
dsgdb9nsd_057095,C#C[C@H](C)[C@H]1COCO1
dsgdb9nsd_078076,O=CN1[C@@H]2[C@@H](O)[C@@H](O)[C@@H]21
dsgdb9nsd_122378,CCCO[C@@H]1[C@@H]2CC[C@@H]21
dsgdb9nsd_060639,CC(=O)[C@@H](C)C1CCC1
dsgdb9nsd_067156,O=C1[C@H]2C[C@H]3C[C@@H]1[C@]32O
dsgdb9nsd_028899,Cc1cccc(C)c1C
dsgdb9nsd_021103,C[C]1C(O)=N[N]N1C
dsgdb9nsd_082864,O[C@H]1[C@H]2C[C@H]3O[C@@H]1C[C@@H]23
dsgdb9nsd_047286,O=C1C=CC(=O)OCO1
dsgdb9nsd_114812,CC[C@H]1C[C@H]2OC[C@@]12O
dsgdb9nsd_068265,C[C@@]12C[C@@H](N1)[C@]2(O)C#N
dsgdb9nsd_059906,CC(C)CC(=O)NC=O
dsgdb9nsd_067630,C[C@@]12[C@H]3[C@H]4O[C@@H]1[C@]2(O)[C@H]43
dsgdb9nsd_021665,C#Cc1n[nH]nc1N
dsgdb9nsd_036319,N#CC[C@H]1C=C[C@H]2C[N@]12
dsgdb9nsd_068503,C[C@]12N[C@H](C1=O)[C@H]2C=O
dsgdb9nsd_031476,C#Cc1coc(CO)c1
dsgdb9nsd_077423,C[C@H]1[C@@]2(O)[C@H]3N[C@H]3[C@@]12O
dsgdb9nsd_029239,Cc1c[nH]c(=O)oc1=N
dsgdb9nsd_078710,C[C@@H]1[C@H]2C=C[C@@]3(C)[C@@H]1[N@@]23
dsgdb9nsd_046826,N#C[C@@]12C[C@@H]1CNC2=O
dsgdb9nsd_000873,Nc1ccc(N)o1
dsgdb9nsd_028127,Nc1cc2c(o1)C=CC2
dsgdb9nsd_030768,CCc1ccn(C)c1O
dsgdb9nsd_041191,C1OC[C@]23CC[C@@H]2[C@H]1C3
dsgdb9nsd_123700,c1n[nH]c2c1O[C@@H]1C[C@H]21
dsgdb9nsd_061241,C#CC[C@H](O)[C@@H]1C[C@@H]1C
dsgdb9nsd_027214,Cc1occ2c1CC=C2
dsgdb9nsd_051382,N=CO[C@H]1[C@H]2NC(=O)[C@H]21
dsgdb9nsd_094960,O=C1C[C@H]2[C@@H]1CC[C@@H]2O
dsgdb9nsd_102916,C#CCO[C@@H](C=O)CC
dsgdb9nsd_038334,C1=N[C@@]2(CO1)[C@@H]1C[C@H]2N1
dsgdb9nsd_037007,C1CC2(C1)CC21COC1
dsgdb9nsd_071052,C[C@@]12C[C]3[N]C[C@]1(C)[N@@]32
dsgdb9nsd_133513,O=C([C@H]1CO1)C(F)(F)F
dsgdb9nsd_042479_new,N#CC(=O)NC[C@H]1CN1
dsgdb9nsd_062103_new,N[C@@H](CNC=O)C(=O)O
dsgdb9nsd_128655,COc1cc(O)n(C)n1
dsgdb9nsd_080915,C[C@@]12C[C@@H]([C@H]1O)[C@@]21CO1
dsgdb9nsd_116963,OCCC#CCC1CC1
dsgdb9nsd_127566,Cn1ncc(=O)nc1N
dsgdb9nsd_108585,CC[C@]12OCO[C@H]1[C@H]2C
dsgdb9nsd_065027,CC1(C2(O)CCC2)CC1
dsgdb9nsd_023072,C[C@H]1C[C@H]2/C(=N/O)CN12
dsgdb9nsd_062748,C[C@@]1(O)[C@H]2NC(=O)[C@]21O
dsgdb9nsd_120209,CCC[C@H]1[C@@H]2C=C[C@H]1O2
dsgdb9nsd_056554_new,C#C[C@H](N)[C@H](C)C(=O)O
dsgdb9nsd_042498,C#CCOCC(=O)C#N
dsgdb9nsd_033261,CCCCn1ccnc1
dsgdb9nsd_075234,CC1=CCC2(CC2)C1=O
dsgdb9nsd_109843,CN1[C@H](CC=O)[C@@H]1CO
dsgdb9nsd_118796,CCC[C@@]1(C)N[C@H]1C#N
dsgdb9nsd_121117,CCO[C@H]1CC[C@@H](C)O1
dsgdb9nsd_098182,C[C@@](O)(CO)C(=O)CO
dsgdb9nsd_063456,C[C@@]1(O)CC1(C#N)C#N
dsgdb9nsd_091818,C[C@@]12C=C[C@H](O)C[C@@H]1N2
dsgdb9nsd_025403,N=c1occnc1C=O
dsgdb9nsd_119488,CCC[C@]12N[C@H]1[C@H]1N[C@H]12
dsgdb9nsd_014806,C#C[C@H]1CN[C@H]1C#N
dsgdb9nsd_052853,CC#CC1(O)CCCC1
dsgdb9nsd_043786,C#C[C@]12C[C@H](C1)C(=O)N2
dsgdb9nsd_035610,C#C[C@H]1CC=C[C@@]12CO2
dsgdb9nsd_073645,C[C@]12NCC[C@H]1OC2=N
dsgdb9nsd_062990,CC1(C)[C@H](C=O)[C@@H]2C[C@@H]21
dsgdb9nsd_088391,C[C@H]1C[C@H]1[C@@](C)(O)C=O
dsgdb9nsd_053595,CC#CC[C@H]1N[C@H]1C=O
dsgdb9nsd_064339,CC1(C)CNCC(=O)N1
dsgdb9nsd_116977,COCC#CCCC=O
dsgdb9nsd_080901,C[C@@]1(O)[C@H]2C[C@]1(C)[C@H]2O
dsgdb9nsd_065033,C[C@@]1(C2(O)COC2)CN1
dsgdb9nsd_108591,CO[C@]12CCO[C@H]1[C@H]2C
dsgdb9nsd_127572,C#Cc1cnn(C)c1N
dsgdb9nsd_073889,CC1=C(C=O)[C@H]2N[C@H]2C1
dsgdb9nsd_099288,CCC(=O)COC1CC1
dsgdb9nsd_024709,c1ccc2c(c1)COC2
dsgdb9nsd_118782,COC[C@@]1(C)C[C@]1(C)O
dsgdb9nsd_109857,C[C@]12N[C@H]1[C@@H](O)[C@H]2CO
dsgdb9nsd_075220,C#C[C@@]12CC=C(C)[C@@H]1N2
dsgdb9nsd_033275,C#CC#CC1(C#N)CC1
dsgdb9nsd_025417,O=Cc1cnc(=O)[nH]c1
dsgdb9nsd_128899,N#CCc1nccnn1
dsgdb9nsd_063442,C[C@]1(O)C[C@H](CC=O)C1
dsgdb9nsd_098196,CNC(=O)[C@@](C)(O)CO
dsgdb9nsd_121103,C[C@H]1CO[C@@H](CCO)C1
dsgdb9nsd_043792,N=C1OC2(CC2)[C@@]12CO2
dsgdb9nsd_052847,CC#C[C@]1(O)C=CCC1
dsgdb9nsd_014812,N#C[C@@H]1NC[C@@H]1C#N
dsgdb9nsd_088385,CN1C[C@H]1[C@@](C)(N)C#N
dsgdb9nsd_062984,C[C@]1(O)[C@H](C#N)[N@@]2C[C@@H]21
dsgdb9nsd_073651,C[C@]12OCO[C@H]1CC2=O
dsgdb9nsd_035604,N#C[C@H]1C[CH][C]2CN[C@H]21
dsgdb9nsd_022378,C[C@H]1[C@H]2/C(=N/O)C[C@]21C
dsgdb9nsd_053581,CC#CC[C@H]1C[C@]1(C)O
dsgdb9nsd_050088,O=C[C@H]1C[C@H]1C[C@H]1CO1
dsgdb9nsd_021671,C#Cc1cc(N)no1
dsgdb9nsd_067624,O[C@]12[C@@H]3[C@@H]1C[C@H]1[C@H]2[C@]31O
dsgdb9nsd_059912,CC(C)OC(=N)NC=O
dsgdb9nsd_125365,Cc1c[nH]c2nnoc12
dsgdb9nsd_068517,O=C1[C@H]2C[C@]1(O)[C@@H]1N[C@H]21
dsgdb9nsd_070358,C[C@]12C[N@]1C[C@H]1CO[C@H]12
dsgdb9nsd_132619,Nc1ccc(O)nc1F
dsgdb9nsd_077437,C[C@@]12NC(=O)[C@]1(N)[C@H]2O
dsgdb9nsd_031462,C#Cc1coc(NC)n1
dsgdb9nsd_085879,C#C[C@H]1[C@@H](C)C[C@@]1(C)O
dsgdb9nsd_000867,Cc1cnc(N)o1
dsgdb9nsd_046832,C#C[C@@]12N[C@@H]1COC2=O
dsgdb9nsd_078704,O[C@H]1[C@H]2[C@H]3[C@@H]1[C@@H]2[C@]31CO1
dsgdb9nsd_041185,C1=C[C@]23CO[C@@H]2[C@H](C1)C3
dsgdb9nsd_076729,O=CCO[C@@H]1[C@H](O)[C@@H]1O
dsgdb9nsd_028133,N[C]1C[C]2N=COC2=N1
dsgdb9nsd_027200,Nc1[nH]cc2c1C=CC2
dsgdb9nsd_061255,N#CC[C@H](O)[C@H]1C[C@H]1O
dsgdb9nsd_123714,C1O[C@@H]2CN3N=N[C]1[C]23
dsgdb9nsd_038320,C1C[C@@H]2[C@H](O1)[C@@H]1C[C@H]2O1
dsgdb9nsd_102902,C#CCC[C@@H](C#C)CO
dsgdb9nsd_094974,C[C@H]1CO[C@H]2[C@H]3C[C@@]12C3
dsgdb9nsd_051396,O=CO[C@H]1[C@H]2OC(=O)[C@H]21
dsgdb9nsd_133507,C#CCC#CC(F)(F)F
dsgdb9nsd_071046,C[C@@]12N[C]3[N][C@@H]4[C@@H]([C@@H]41)[C@H]32
dsgdb9nsd_037013,C1CC2(C1)OC21COC1
dsgdb9nsd_069609,C#C[C@]12N[C@H]1[C@@]1(C)C[C@H]12
dsgdb9nsd_038446,C1OC[C@]2(C[C@@H]3C[C@@H]32)O1
dsgdb9nsd_020209,C1C[C@H]2OC[C@H]3[C@@H]1[C@H]32
dsgdb9nsd_071720,O[C@]12[C@H]3[C@@H]4[C@H]3[C@@]1(O)C[C@@H]42
dsgdb9nsd_133261,Cn1nncc(F)c1=O
dsgdb9nsd_037775,C1=C[C@H]2[C@@H]3C[C@H]2[C@@H]3C=C1
dsgdb9nsd_018796,O[C@H]1[C@H]2C[C@H]3O[C@@H]1[C@@H]23
dsgdb9nsd_009843,C[C@@]1([C@@H](O)CO)CO1
dsgdb9nsd_050936,O=CC[C@@H](C=O)[C@H]1CO1
dsgdb9nsd_016963,C[C@H]1O[C@@H]2C[C@H]1CO2
dsgdb9nsd_039980,C1[C@@H]2[C@@H]3[C@H]1[N@@]3C[C@]21CN1
dsgdb9nsd_028655,N#Cc1ccc(N)nc1
dsgdb9nsd_027566,Cc1cncc(C#N)c1
dsgdb9nsd_008585,N=C1O[C@]23C[N@](C2)[C@@H]13
dsgdb9nsd_123072,CO/C=N/CCCOC
dsgdb9nsd_061533,N#C[C@@H](N)CC1(O)CC1
dsgdb9nsd_077351,C[C@@H]1C(=O)NC[C@H]1C=O
dsgdb9nsd_031304,COc1cc[nH]c1C#N
dsgdb9_039180_new,C1O[C@H]2CN3[C@@H]4C[C@]23[C@H]14
dsgdb9nsd_078062,C[C@@H]1C(=O)N2[C@@H]1[C@H]2C=O
dsgdb9nsd_057081,C[C@@H](C#N)[C@@H]1C=CCO1
dsgdb9nsd_026678,Cc1c(N)[nH]c(O)c1N
dsgdb9nsd_021117,C[N]C1=N[N]NC=C1
dsgdb9nsd_125403,Cc1conc1C1CC1
dsgdb9nsd_039758,C1O[C@H]2[C@H]3[C@@H]1[C@@H]2C31CC1
dsgdb9nsd_067142,C[C@]12[C@@H]3N[C@H]1[C@@]2(O)C3=O
dsgdb9nsd_019488,C#C[C@@H]1[C@@H]2N=CO[C@H]12
dsgdb9nsd_068271,C#C[C@@]1(C)[N@]2C[C@]1(C)C2
dsgdb9nsd_114806,C[C@]12OC[C@H]1N[C@H]2CO
dsgdb9nsd_047292,N=C1CCOC(=N)CO1
dsgdb9nsd_082870,C[C@@]12C[N@]3C[C@@H]1[C@@H](O)[C@H]32
dsgdb9nsd_073137,O[C@]12CC[C@H]1C[C@H]1O[C@H]12
dsgdb9nsd_131476,O[C@H]1C=Cn2nncc21
dsgdb9nsd_035162,C#C[C@H]1OC1(C#N)C#N
dsgdb9nsd_100873,CC[C@@H](C#N)[C@@H](O)CO
dsgdb9nsd_096805,C/N=C1\NC(=O)C[C@H]1C
dsgdb9nsd_025371,C#Cc1ncc(C=O)o1
dsgdb9nsd_054588,CC(=O)[C@]12CN[C@H]1CN2
dsgdb9nsd_121665,O=C(NCCO)[C@H]1CN1
dsgdb9nsd_089925,C#C[C@]12CO[C@H]1[C@@H](C)C2
dsgdb9nsd_063324,C[C@@]1(O)CC(=O)N2C[C@H]21
dsgdb9nsd_074658,NC1=N[C@@H]2[C@H]3N[C@@H]2[C@H]3O1
dsgdb9nsd_002916,O=CN1CCCC1
dsgdb9nsd_055696,CC1(NC(N)=O)COC1
dsgdb9nsd_044943,N=C1O[C@H]2COC[C@@H]1C2
dsgdb9nsd_075546,CC1=CCCOC12CC2
dsgdb9nsd_033513,N#C[C@@]1(C[C@H]2CO2)CO1
dsgdb9nsd_087908,CN1C[C@@]12CC=C[C@H]2O
dsgdb9nsd_128127,CNc1onc(N)c1N
dsgdb9nsd_045485,O=C1C[C@H]2CC[N@@]3[C@H]2[C@H]13
dsgdb9nsd_130768,O=c1onc2n1C=CC2
dsgdb9nsd_072229,C[C@@]12C[C@H]3OC[C@]1(O)[C@H]32
dsgdb9nsd_098828,O=C(CO)N1CCC1=O
dsgdb9nsd_127214,Cn1c(C=O)noc1=O
dsgdb9nsd_074880,CC1=C[C@H]2O[C@H]2[C@H]2N[C@@H]12
dsgdb9nsd_065755,C[C@@]1(OC=N)COC1=N
dsgdb9nsd_092493,C[C@]12CO[C@H]1C[C@@H](O)C2
dsgdb9nsd_026888,Cc1cnc(=O)oc1O
dsgdb9nsd_069147,C[C@]12N[C@H]1C(=O)N1C[C@H]12
dsgdb9nsd_087198_new,N[C@@]1(CC(=O)O)C[C@@H]1O
dsgdb9nsd_133249,Cn1ncnc(F)c1=O
dsgdb9nsd_071708,C[C@@]12[C@H]3C[C@]1(O)[C@@H]1[C@H]3[N@]12
dsgdb9nsd_113199,CC[C@H]1O[C@]1(C)[C@@H](C)O
dsgdb9nsd_020221,C1O[C@@H]2[C@@H]3[C@@H]4[C@H]1[C@@H]4[C@H]23
dsgdb9nsd_049297,O=CC1=CCCCC1=O
dsgdb9nsd_066274,C#C[C@]1(N)CCOC1=N
dsgdb9nsd_079354,C[C@H]1[C@H]2C[C@@H]3[C@H](CO2)[N@]31
dsgdb9nsd_105923,CC[C@@]12[C@@H]3C[C@H]4[C@@H]3[N@@]1[C@H]42
dsgdb9nsd_093955,C[C@H]1CO[C@H](C2CC2)O1
dsgdb9nsd_082680,C[C@H]1N2C[C@@H]3[C@H]2[C@@]31C#N
dsgdb9nsd_059084,CC(C)[C@H]1[C@@H](C=O)N1C
dsgdb9nsd_076067,C#C[C@@H]1[C@H](C)[C@@H]1C(C)=O
dsgdb9nsd_030032,O[C@H]1C=Cc2c[nH]cc21
dsgdb9nsd_037985,C1C[C@@H]2[C@H]3O[C@@H]2[C@H]3CO1
dsgdb9nsd_018966,OC[C@H]1[C@H]2[C@@H]3C[C@H]2[C@H]13
dsgdb9nsd_026650,Cc1[nH]c(C)c(C)c1C
dsgdb9nsd_122344,CCCC[C@H]1[C@@H](C)[C@H]1O
dsgdb9nsd_102094,CO[C@@H](C=O)[C@@]1(C)CO1
dsgdb9nsd_077379,C[C@@H]1[C@]2(O)C[N@]3[C@@H]2[C@@]13C
dsgdb9nsd_006580,C[C@]12C=C[C@](C)(C1)C2
dsgdb9nsd_029563,Nc1cocc(N)c1=O
dsgdb9nsd_070416,C[C@]12O[C@H]1C[C@]2(O)C=O
dsgdb9nsd_132157,[NH]C1=C[C](N)NC=C1F
dsgdb9nsd_036443,N#CCN1C[C@H]2OC[C@H]21
dsgdb9nsd_082858,C[C@@H]1[C@H]2O[C@H]3[C@@H]1C[C@H]3O2
dsgdb9nsd_068259,C[C@]12C[C@H](C1)[C@]2(N)C#N
dsgdb9nsd_016793,O=C1NC(=O)[C@@H]2N[C@H]12
dsgdb9nsd_039770,C1[C@@H]2[C@H]1[C@H]1O[C@@H]2C12CC2
dsgdb9nsd_048189,C#CC(C#C)(C#N)C=O
dsgdb9nsd_007846,CC(=O)O[C@H]1C[C@H]1O
dsgdb9nsd_041813,C1C[C@H]2CC[C@@H](CO1)C2
dsgdb9nsd_112287,CC[C@H]1CC(=O)[C@H]2C[C@@H]12
dsgdb9nsd_022436,C#C/C(=N\O)[C@@H](C)C=O
dsgdb9nsd_126122,CCC(=O)c1cnoc1
dsgdb9nsd_064463,C[C@@]1(O)COCOC1=N
dsgdb9nsd_129211,[NH]C1=N[CH]C=NNC1=N
dsgdb9nsd_090284,C[C@H]1N[C]2[CH]C(=O)C[C@H]21
dsgdb9nsd_055866,C[C@@]1(O)C[C@H]1CC(N)=O
dsgdb9nsd_005089,Cc1coc(N)c1O
dsgdb9nsd_074670,CC1=C[C@H]2[C@H]3CC[C@@H]1[C@@H]23
dsgdb9nsd_056279_new,O=C(O)CNCC1CC1
dsgdb9nsd_032625,CCn1ccc(N)c1O
dsgdb9nsd_025359,N#Cc1coc(C=O)n1
dsgdb9nsd_080097,C[C@H]1OC=N[C@H]2[C@@H](O)[C@H]21
dsgdb9nsd_100683,CC[C@@H](O)C(C)(C)CC
dsgdb9nsd_111956,CC[C@H]1N=CN(C)C1=N
dsgdb9nsd_087920,C[C@H]1C[C@@]12COC(=O)C2
dsgdb9nsd_004397,C[C]1N=C[N]C(=O)N1
dsgdb9nsd_081389,C[C@@H]1[C@H]2O[C@@H]1C[C@H]2C#N
dsgdb9nsd_024047,N#CC/N=c1/[nH]cco1
dsgdb9nsd_120553,CCO[C@H]1C[C@H](OC)C1
dsgdb9nsd_062012,CC(=O)CC[C@@H](O)C=O
dsgdb9nsd_014184,C[C@@]12C[C@H]3[N@@]1C[C@]32O
dsgdb9nsd_023728,O=c1ncc(F)c[nH]1
dsgdb9nsd_110490,CO[C@H]1[C@H]2[C@H]3C=C[C@@H]1[N@@]23
dsgdb9nsd_098800,CCC(=O)[C@H]1OCC1=O
dsgdb9nsd_072201,C[C@@]12O[C@@H]3C[C@H]4[C@@H]3[C@@H]1[C@H]42
dsgdb9nsd_121895,COCC[C@@H](C)C(N)=O
dsgdb9nsd_130740,O=c1oc2cnoc2o1
dsgdb9nsd_034254,C#C[C@@]12N[C@H]3CO[C@@H]1[C@H]32
dsgdb9nsd_005937,CC#CC(C)(C)OC
dsgdb9nsd_043962,O=C1C[C@@]23C[C@@]12N=CO3
dsgdb9nsd_086380,C[C@@H]1C[C@H](C)[C@@H]2O[C@]12C
dsgdb9nsd_130026,C#Cc1cnc(N)nn1
dsgdb9nsd_072567,C[C@@]12OC[C@@H](CC1=O)O2
dsgdb9nsd_128669,COc1nnc(OC)o1
dsgdb9nsd_034532,C#CC1=C[C@H]2C[C@H]2OC1
dsgdb9nsd_080929,C[C@H]1[C@H]2O[C@]1(C)[C@@]21CO1
dsgdb9nsd_096193,O[C@H]1COC[C@H]2OC[C@@H]12
dsgdb9nsd_075208,CC1=CC[C@@]2(C)O[C@H]2C1
dsgdb9nsd_024721,c1ncn2c1[C@H]1OC[C@H]12
dsgdb9nsd_117499,CC#C[C@H](C#N)CCO
dsgdb9nsd_062774,C#C[C@@H]1C[C@H]2[C@@H]1C2(C)C
dsgdb9nsd_120235,CCCN1C(=O)[C@@H]2C[C@@H]21
dsgdb9nsd_074116,CC1=CC(=O)[C@H]2OC[C@@H]12
dsgdb9nsd_032143,COc1cncc(C)n1
dsgdb9nsd_012293,[NH][C]1NCC=CC1=O
dsgdb9nsd_116787,CO/C=N/C[C@H]1N[C@H]1C
dsgdb9nsd_107852,OC[C@]12C[C@@H]3C[C@H]1[C@@H]3C2
dsgdb9nsd_091824,C[C@@H]1C=C[C@]2(C)C[C@@H]2O1
dsgdb9nsd_022350,C[C@H]1C/C(=N/O)CC1=O
dsgdb9nsd_118972,COC[C@@]1(C)OC[C@H]1O
dsgdb9nsd_064305,C[C@@]1(O)CCC=C1C=O
dsgdb9nsd_126644,CCCN=c1onno1
dsgdb9nsd_106594,CC[C@]12C[C@](OC)(C1)C2
dsgdb9nsd_002080,O=C1COCCN1
dsgdb9nsd_073679,C[C@]12CCC[C@H]1COC2
dsgdb9nsd_131338,Oc1nnc2onnn12
dsgdb9nsd_132631,Nc1cnc(O)c(F)n1
dsgdb9nsd_070370,C#C[C@]1(C)C[C@H]2C[C@]21O
dsgdb9nsd_001589,NC(=O)C(=O)C=O
dsgdb9nsd_036325,C#C[C@H]1C[C@@H](CC#N)O1
dsgdb9nsd_039016,C1[N][C]2NC[C@H]2[N@]2C[C@@H]12
dsgdb9nsd_084597,O[C@H]1C=C[C@H]2C[C@]1(O)C2
dsgdb9nsd_021659,N#Cc1c[nH]nc1N
dsgdb9nsd_026136,Cc1ccoc1N(C)C
dsgdb9nsd_060163,CC(C)OC1CN(C)C1
dsgdb9nsd_122422,CCOC[C@H]1C[C@@H](C)C1
dsgdb9nsd_113827,CC[C@H]1O[C@H]1[C@H]1O[C@H]1C
dsgdb9nsd_085851,CC1(C)C[C@@H](O)[C@]1(C)O
dsgdb9nsd_094784,C[C@H]1CC[C@]2(CO2)C1=O
dsgdb9nsd_029205,Cc1coc(=O)nc1O
dsgdb9nsd_010484,CCC1(CC#N)CC1
dsgdb9nsd_114190,CO[C@H]1CC2(CC2)C1=O
dsgdb9nsd_079432,O=C[C@]12O[C@@H]3[C@H]1[C@@H](O)[C@@H]32
dsgdb9nsd_027228,Cc1ncn2c1CC=C2
dsgdb9nsd_048837,O=C[C@@]12C=CCC[N@@]1C2
dsgdb9nsd_076701,C#CCC[C@H]1[C@@H](C)[C@H]1O
dsgdb9nsd_021881,O=Cn1ccc(O)n1
dsgdb9nsd_030754,COc1occ(C)c1O
dsgdb9nsd_069621,C#C[C@]12C[C@H]1[C@@]1(C)O[C@@H]21
dsgdb9nsd_057917,CN(C)C(=O)[C@H]1CCO1
dsgdb9nsd_104383,O=C1NCC[C@]1(O)CO
dsgdb9nsd_000697,C1[C@H]2[C@@H]3O[C@H]2[C@H]13
dsgdb9nsd_011942,C[C@]12CC[C@@]1(C=O)N2
dsgdb9nsd_020547,CC(C)c1nn[nH]n1
dsgdb9nsd_085689,C[C@H]1N[C@@H](C#N)C12CC2
dsgdb9nsd_038308,C1C[C@H]2O[C@@H]1[C@H]1C[C@@H]2C1
dsgdb9nsd_066512,O[C@]12[C@@H]3[C@H]4[C]([CH]C[C@H]41)[C@@H]32
dsgdb9nsd_124053,c1nnn2c1[C@H]1OC[C@H]12
dsgdb9nsd_036331,C#CC[C@H]1C[C@H](C#N)O1
dsgdb9nsd_006790_new,NCCCCC(=O)O
dsgdb9nsd_105089,CN1C[C@@H]1C1(CO)CC1
dsgdb9nsd_070364,C[C@]12O[C@H]1C[C@H]1OC[C@H]12
dsgdb9nsd_132625,Nc1ncc(N)c(F)n1
dsgdb9nsd_084583,C[C@H]1C=C[C@H]2CC(=O)N12
dsgdb9nsd_039002,C1[N][C]2C[C@H]3C[N][C]1N23
dsgdb9nsd_067618,C[C@]12[C@@H]3[C@@H]1C[C@H]1[C@H]2[C@]31C
dsgdb9nsd_125359,Cc1c[nH]c2oncc12
dsgdb9nsd_122436,CC1(C)O[C@H]1CCCO
dsgdb9nsd_060177,C[C@@H](O)CN1CC1(C)C
dsgdb9nsd_078738,CN1[C@H]2[C@H]3[C@@H]1C[C@]32C=O
dsgdb9nsd_029211,Nc1cc(=O)[nH]cc1O
dsgdb9nsd_094790,C[C@H]1OC[C@]2(CO2)C1=O
dsgdb9nsd_085845,CC1=C[C@@H](O)C[C@]1(C)O
dsgdb9nsd_113833,CN1C[C@H]1[C@H]1C[C@H]1CO
dsgdb9nsd_079426,C[C@@H]1[C@@H]2[N@]3C[C@]2(C=O)[C@@H]13
dsgdb9nsd_114184,CC[C@H]1NC2(CC2)C1=O
dsgdb9nsd_010490,C#CC[C@]1(CO)CN1
dsgdb9nsd_061269,[CH2]C#N.[CH]1CCC1.[C].[H].[OH]
dsgdb9nsd_123728,c1nn[nH]c1C1CCC1
dsgdb9nsd_030740,CNc1occ(C)c1O
dsgdb9nsd_021895,C#Cc1c[nH]nc1O
dsgdb9nsd_076715,C[C@@H]1[C@H](C)N1CCC=O
dsgdb9nsd_048823,O=C[C@]12C[C@H]1CNC2=O
dsgdb9nsd_011956,CC[C@@]12C[C@]1(O)CO2
dsgdb9nsd_000683,O=C1C[C@H]2N[C@@H]12
dsgdb9nsd_104397,C[C@H]1OCC[C@]1(O)CO
dsgdb9nsd_057903,C[C@H]1CN1C(=O)N(C)C
dsgdb9_025435_new,[NH]C1=C[CH]OC=C1C=O
dsgdb9nsd_069635,C[C@]12C[C@H]1[C@@]1(C=O)N[C@@H]21
dsgdb9nsd_124047,C1=Cc2c[nH]nc2OC1
dsgdb9nsd_066506,O[C@]12[C@@H]3[C@H]4N=C(O[C@H]41)[C@@H]32
dsgdb9nsd_094948,C[C@H]1CC[C@@H]2C(=O)CN21
dsgdb9nsd_020553,CC(C)n1ccnn1
dsgdb9nsd_086394,C[C@@H]1O[C@H](C)[C@@H]2C[C@]12O
dsgdb9nsd_043976,N=C1O[C@]23CCC[C@]12C3
dsgdb9_127723_new,CC1=N[N]N(C)C([NH])=C1
dsgdb9nsd_005923,CC(C)(C#N)OC=N
dsgdb9nsd_034526,C#CC1=C[C@H]2C=C[C@@H]1C2
dsgdb9nsd_072573,O=C1C[N@@]2CC[C@@]1(O)C2
dsgdb9nsd_130032,N[C]1N=C[N]N1CCO
dsgdb9nsd_126888,CC/N=c1\onc(O)o1
dsgdb9nsd_096187,O[C@H]1CCC[C@H]2CO[C@H]21
dsgdb9nsd_033249,OCCCc1c[nH]cn1
dsgdb9nsd_120221,CCO[C@H]1[C@@H]2CC[C@H]1C2
dsgdb9nsd_061554_new,C[C@@H](C[C@H]1CN1)C(=O)O
dsgdb9nsd_062760,CC1(C)[C@@H]2NC(=O)N[C@@H]21
dsgdb9nsd_013199,COC(=O)[C@H]1CCN1
dsgdb9nsd_024735,c1cn2c(n1)OCCC2
dsgdb9nsd_097299,C/N=C/N1C=NCC1=N
dsgdb9nsd_074102,NC1=CC(=O)[C@@H]2C[C@H]1O2
dsgdb9nsd_091830,C[C@H]1C[C@H]2C[C@@]2(C#N)C1
dsgdb9nsd_107846,CC[C@]12C[C@@H]3C[C@H]1[N@@]3C2
dsgdb9nsd_116793,CO/C=N/CC1COC1
dsgdb9nsd_012287,CO[C@H]1C[C@@H](C)[C@H]1O
dsgdb9nsd_126650,CCCNc1c[nH]nn1
dsgdb9nsd_064311,C[C@@]1(O)CCC=CC1=O
dsgdb9nsd_118966,CCO[C@@]1(C)CC[C@H]1O
dsgdb9nsd_022344,CC1=C/C(=N\O)C[C@H]1O
dsgdb9nsd_002094,O[C@@H]1CC=CCC1
dsgdb9nsd_106580,CC[C@]12C=C[C@H](O1)[C@H]2C
dsgdb9_004445_new,N=c1oc(N)c(N)o1
dsgdb9nsd_129563,N#C[C@H](N)[C]1N=C[N]N1
dsgdb9nsd_035638,C#CC1CC=CC=CC1
dsgdb9nsd_064477,CC1(C)CCCCOC1
dsgdb9nsd_126136,CCC(=O)n1nccn1
dsgdb9nsd_096839,C/N=C1/C[C@@H](N)C(=O)O1
dsgdb9nsd_022422,O/N=C1\C[C@]2(O)C[C@H]1C2
dsgdb9nsd_013827,CC(=O)C1=NCCO1
dsgdb9nsd_055872,CC(=O)C[C@H]1C[C@H]1C#N
dsgdb9nsd_090290,O=C1[CH][C]2C[C@H](O)[C@@H]2N1
dsgdb9nsd_101589,CCN(C)CC(=O)CO
dsgdb9nsd_032631,CCn1cnc(N)c1C
dsgdb9nsd_074664,CC1=N[C@H]2[C@H]3O[C@H]3[C@H]2O1
dsgdb9nsd_080083,C[C@H]1[C@H]2C=CNC(=O)N21
dsgdb9nsd_121659,COCCC(=O)N1CC1
dsgdb9nsd_089919,O=CC[C@@]12C[C@H](O)[C@@H]1C2
dsgdb9nsd_063318,CC1(C)OC(=O)[C@H]2N[C@H]21
dsgdb9nsd_004383,C[C]1C=CC=C([NH])O1
dsgdb9nsd_087934,CN1C[C@@]12COC(=O)C2
dsgdb9nsd_111942,CO[C@H]1C=CC(=O)C1=O
dsgdb9nsd_100697,CC#C[C@H](C)[C@H](C)CC
dsgdb9nsd_062006,N#C[C@H](O)COC(N)=O
dsgdb9nsd_120547,CC[C@H]1C[C@@H](COC)O1
dsgdb9nsd_024053,C#CCCc1ncc[nH]1
dsgdb9nsd_110484,OC[C@@H]1[C@@H]2[C@@H]3[C@H]4[C@@H]3N2[C@@H]14
dsgdb9nsd_127228,Cc1cn(C)nnc1=O
dsgdb9nsd_065769,C[C@]1(O[CH][NH])C=CCO1
dsgdb9nsd_014190,O[C@@]12C[C@H]3[C@@H]1C[C@]32O
dsgdb9nsd_034240,N#C[C@@]12C[C@H]3O[C@@H]1C[C@H]32
dsgdb9nsd_130754,C#Cc1ccc(=O)on1
dsgdb9nsd_121881,CCCO[C@@H](C)C(N)=O
dsgdb9nsd_072215,O[C@@]12C[C@H]3CC=C[C@@H]1[C@H]32
dsgdb9nsd_098814,COC(=O)[C@H]1CCC1=O
dsgdb9nsd_037749,C1OC[C@]23O[C@@H]4[C@H]2[C@H]1[C@@H]43
dsgdb9nsd_069153,O=C1[C@H]2C[C@H]2[C@@]2(O)C[C@@H]12
dsgdb9nsd_092487,O[C@H]1C[C@H]2CC[C@@H]1OC2
dsgdb9nsd_017499,C[C@]12N[C@H]1[C@H]1C[C@]12O
dsgdb9nsd_066260,C#C[C@]1(C)CCOC1=O
dsgdb9nsd_049283,O=CC1=CCC[C@H]2N[C@@H]12
dsgdb9nsd_124721,C[C@@H](N)c1onnc1N
dsgdb9nsd_020235,C1O[C@@H]2[C@@H]3[C@H]1[C@@H]1[C@H]2[N@@]13
dsgdb9nsd_082694,C#C[C@]12[C@H]3[C@H](O[C@H]31)[C@@H]2O
dsgdb9nsd_105937,OC[C@@]12[C@@H]3O[C@H]4[C@@H]3[N@@]1[C@H]42
dsgdb9nsd_079340,C[C@H]1[C@H]2[C@H]3O[C@@H]1C[C@@]23C
dsgdb9nsd_030026,C[C@H]1C=Cc2cncn21
dsgdb9nsd_076073,CC(=O)N1[C@H](C#N)[C@@H]1C
dsgdb9nsd_059090,C[C@@H](O)[C@H]1[C@@H](O)[C@H]1C=O
dsgdb9nsd_060611,C[C@@H]1N[C@@H]1[C@H](C)C(N)=O
dsgdb9nsd_122350,CCCO[C@@H]1[C@H](O)[C@@H]1O
dsgdb9nsd_026644,N#Cc1c[nH]c(N)c1O
dsgdb9nsd_018972,C1=C[C@@H]2[C@H]3O[C@@H]2[C@H]3C1
dsgdb9nsd_029577,Nc1c[nH]cc1C1CC1
dsgdb9nsd_006594,C[C@]12C[C@](C#N)(C1)O2
dsgdb9nsd_031338,CNc1ccn2c1CC2
dsgdb9nsd_102080,CN[C@@H](C=O)[C@@H](O)C=O
dsgdb9nsd_093799,C[C@@H]1NC[C@H](C)NC1=O
dsgdb9nsd_036457,N#CC[C@H]1OC[C@@]12CN2
dsgdb9nsd_132143,C[C]1C=C([NH])C(F)=CN1
dsgdb9nsd_070402,N#C[C@@]1(O)C[C@@H]2C[C@@]21N
dsgdb9nsd_112293,CC[C@H]1NC(=O)[C@H]2N[C@H]21
dsgdb9nsd_041807,C1=N[C@H]2CO[C@@H](CO1)C2
dsgdb9nsd_007852,CC(=O)O[C@@H]1C[C@@H]1C
dsgdb9nsd_039764,C1=C[C@H]2C=C[C@@H]1C21CC1
dsgdb9nsd_016787,N=C1OC(=O)N2C[C@@H]12
dsgdb9nsd_058365,C#CC[C@@H](C#C)C(C)C
dsgdb9nsd_077386,C[C@]12[C@H](O)[C@]3(C)[C@H]1C[N@@]23
dsgdb9nsd_124912,C[C@]12C[C@H]1N1N=C[N][C]12
dsgdb9nsd_011003,C[C@@]12CNC(=O)[C@@H]1C2
dsgdb9nsd_018999,O=C1C[C@@H]2[C@H]3C[C@@H]2[C@@H]13
dsgdb9nsd_083561,N#C[C@H]1[C@@H]2CO[C@H]1[C@H]2O
dsgdb9nsd_115517,OC[C@@H]1CC[C@H](CO)O1
dsgdb9nsd_057056,C[C@@H]1CCN1[C@@H](C)C#N
dsgdb9nsd_050739,O=C[C@H]1COCOC1=O
dsgdb9nsd_112278,CO[C@@H]1C(=O)N[C@@H]1CO
dsgdb9nsd_048176,C#CCCNC(=N)C=O
dsgdb9nsd_067195,C[C@@]12[C@H]3C[N@@]1[C@@H]2[C@H]3C#N
dsgdb9nsd_047245,O=C1NC=CC=CCN1
dsgdb9nsd_105704,N=COCC1(CO)CC1
dsgdb9nsd_093772,CC1=C[C@@H](C)[C@@H](C)CC1
dsgdb9nsd_001210,CC(=O)NCC#N
dsgdb9nsd_017472,O[C@@]12C[C@@H]3N[C@@H]3[C@@H]1C2
dsgdb9nsd_049268,O=CC1=CCCC12CC2
dsgdb9nsd_038491,C1[C@H]2C[C@]34CO[C@]3(C4)[C@@H]12
dsgdb9nsd_113166,CC[C@H]1C[C@]1(O)C(C)=O
dsgdb9nsd_085110,C[C@H]1OC(=O)[C@]1(N)C#N
dsgdb9nsd_051427,O=CC[C@@H]1[C@@H]2CC[C@H]1O2
dsgdb9nsd_060822,C[C@H]([C@@H](C)C=O)[C@H]1CO1
dsgdb9nsd_009894,N=COCC1(O)CC1
dsgdb9nsd_018741,C[C@H]1CN2CC(=O)[C@@H]12
dsgdb9nsd_041634,C1O[C@H]2[C@H]3OC[C@H]3N[C@@H]12
dsgdb9nsd_095303,C[C@H]1CC[C@@H]2CO[C@H]1C2
dsgdb9nsd_103375,CC[C@]1(O)[C@@H]2CC[C@H]1O2
dsgdb9nsd_007661,C[C@]1(O)[C@@H]2N[C@H]1[C@@H]2O
dsgdb9nsd_076098,CN1[C@H]([C@H]2CO2)[C@@H]1C#N
dsgdb9nsd_028682,Cc1ncc(CC#N)[nH]1
dsgdb9nsd_039957,C1CC2(C1)CC1(CC1)C2
dsgdb9nsd_008552,C[C@@]12C[C@H]3C[C@]1(C)[C@H]32
dsgdb9nsd_114609,O=C[C@@]12C[N@@]1C[C@@H]2CO
dsgdb9nsd_099539,C#C[C@H](CC)[C@@H](O)C#N
dsgdb9nsd_013614,C[C@@H]1C[C@@H]1[C@@H](C)CO
dsgdb9nsd_081376,C[C@@H]1[C@H]2O[C@@H]1CC[C@H]2O
dsgdb9nsd_044994,C#C[C@]12CC(=O)C[N@]1C2
dsgdb9nsd_117300,CCNC(=O)NC(N)=O
dsgdb9nsd_055641,CC(C)(C#N)NC(N)=O
dsgdb9nsd_118033,C[C@@H](CCO)[C@@H](O)C=O
dsgdb9nsd_075591,N=C1OCCCN=C1N
dsgdb9nsd_004368,Nc1cncc(O)c1
dsgdb9nsd_045452,N=C1O[C@H]2CN[C@H]2C1=O
dsgdb9nsd_107113,C[C@]12C[C@H]1[C@@]1(CO)N[C@@H]21
dsgdb9nsd_091165,C[C@@H]1[C@H]2C=C[C@@H]1C[C@@H]2C
dsgdb9nsd_003407,C[C@H]1C[C@H]2[C@@H](O)[C@H]21
dsgdb9nsd_086419,O[C@@H]1C[C@H](O)[C@H]2C[C@@H]1O2
dsgdb9nsd_032802,CCNc1ccoc1O
dsgdb9nsd_065782,C[C@@]1(OC=N)CCOC1
dsgdb9nsd_108220,C[C@@H]1[C@]2(CO)CC[C@]12C
dsgdb9nsd_074857,CC1=C[C@H]2O[C@H]2[C@@]12CO2
dsgdb9nsd_088434,C[C@@H]1C[C@]1(C)[N@@]1C[C@@H]1C
dsgdb9nsd_002719,O=CCOCCO
dsgdb9nsd_055899,CC(=O)C[C@H]1O[C@H]1C=O
dsgdb9_001115_new,CC(=O)NC(=N)N
dsgdb9nsd_015265,CC[C@@H]1[C@H](O)[C@@H]1CC
dsgdb9nsd_111771,CO[C@H]1[C@H]2OC[C@]21OC
dsgdb9nsd_087707,C[C@@H]1[C@H](O)C[C@@]12C[C@@H]2C
dsgdb9nsd_053230,CC#C[C@H]1N[C@@H](C)C1=O
dsgdb9nsd_080068,O[C@H]1[C@H]2C=C[C@@H]3C[C@H]2[C@H]13
dsgdb9nsd_130967,O=CCN=c1[nH]nn[nH]1
dsgdb9nsd_098627,COC(=O)[C@H]1[C@H]2CO[C@H]21
dsgdb9nsd_043023,O=C1[C@H]2CC[C@]23C[C@H]1O3
dsgdb9nsd_097514,O=C(C#CCO)N1CC1
dsgdb9nsd_101562,C[C@@H](CO)OC(=O)CN
dsgdb9nsd_005076,Cc1c[nH]c(C)c1C
dsgdb9nsd_116778,CO/C=N/CC1(C)CC1
dsgdb9nsd_054239,NC(=O)[C@@]1(O)CCC1=O
dsgdb9nsd_098141,O=CNC(=O)C(=O)CO
dsgdb9nsd_063495,C[C@@]1(O)C[C@]1(C)NC=O
dsgdb9nsd_052890,C#C[C@]1(C#CC)CN1C
dsgdb9nsd_101204,C[C@@H](CO)C1CC(=O)C1
dsgdb9nsd_043745,C#CC[C@@]12CC(=O)[C@@H]1C2
dsgdb9nsd_005710,c1nc2c([nH]1)COC2
dsgdb9nsd_073686,C1OCC2COC[C]12.[C].[H].[H].[H]
dsgdb9nsd_088352,C[C@H]1CN1C(C#N)C#N
dsgdb9nsd_062953,CC1(C)[C@H]2O[C@H]2C12CC2
dsgdb9nsd_024906,N=C1Cc2ccoc2N1
dsgdb9nsd_129588,C#Cc1c(O)n[nH]c1N
dsgdb9nsd_015503,N=C1OCC[C@H]1C=O
dsgdb9nsd_109658,CO[C@H]1[C@@H](C)[C@]1(C)C=O
dsgdb9nsd_053556,CC#CCC1=CCCC1
dsgdb9nsd_111017,CC[C@H]1[C@H]2C[C@]1(C#N)C2
dsgdb9nsd_087061,CN1C[C@]1(C#N)[C@H]1CN1
dsgdb9nsd_128696,C#Cc1n[nH]nc1OC
dsgdb9nsd_107675,OC[C@@]12CCCC[C@@H]1C2
dsgdb9nsd_091603,C[C@H]1O[C@H]2CC(=O)[C@@H]1O2
dsgdb9nsd_045334,N=C1NC[C@H]2CC(=O)N12
dsgdb9nsd_072598,C[C@@]12NC[C@]1(O)CC2=O
dsgdb9nsd_003361,C1OC[C@@H]2OC[C@H]12
dsgdb9nsd_110309,C[C@]12C[C@@H](O)[C@H]1[C@H]2CO
dsgdb9nsd_052648,CC#C[C@@H](O)C(=O)C=O
dsgdb9nsd_108546,OC[C@]12CO[C@@H]3[C@H]1N[C@@H]32
dsgdb9nsd_013172,N#C[C@H](N)C1CCC1
dsgdb9nsd_055127,C[C@]12O[C@H]1C[C@H]2C(N)=O
dsgdb9nsd_081410,O=C[C@@H]1C[C@H]2O[C@@H]1[C@H]2O
dsgdb9nsd_117466,CCOC(=O)CNC=O
dsgdb9nsd_109880,CO[C@H]1[C@@H](O)[C@H]2N[C@]21C
dsgdb9nsd_126863,CC[N]C1=N[N]NC=C1
dsgdb9nsd_118755,CCC[C@]1(O)C[C@H](O)C1
dsgdb9nsd_095465,C[C@H]1CCC=C1NC=O
dsgdb9nsd_103413,C[C@H]1[C@H]2C[N@]2[C@]1(C)CO
dsgdb9nsd_041152,C1C[C@]23C[C@H](C2)OC[C@@H]13
dsgdb9nsd_007107,CCCC(=O)CC=O
dsgdb9nsd_082119,C#CC[C@H]1[C@@H](C)[C@H]2O[C@@H]12
dsgdb9nsd_061282,C[C@@H](CC#N)CC(N)=O
dsgdb9nsd_132816,Oc1nccc(F)c1F
dsgdb9nsd_017314,C[C@H]1[C@H]2[C@H]3N[C@H]3[C@]21O
dsgdb9nsd_051341,O=CO[C@@H]1[C@@H]2O[C@@H]3[C@H]1[C@@H]32
dsgdb9nsd_113600,C#CC#C[C@@H]1O[C@@H]1CC
dsgdb9nsd_085676,C#C[C@@H]1O[C@H](C)C1(C)C
dsgdb9nsd_000668,O[C@H]1[C@H]2CO[C@@H]12
dsgdb9nsd_071091,C[C@]12C[C@@H]3[C@H](C1)[C@@]32C#N
dsgdb9nsd_018027,[CH]1CCC[C@H]2CC[C]12
dsgdb9nsd_084568,O[C@H]1C=C[C@@H]2[C@H]3C[N@@]2[C@H]31
dsgdb9nsd_076926,C[C@@H]1C(=O)[C@H](O)[C@@H]1C=O
dsgdb9nsd_048610,N#C[C@@H]1[N@]2C[C@@]1(C=O)C2
dsgdb9nsd_105062,COC1(C2(O)CC2)CC1
dsgdb9nsd_093014,O[C@H]1CC=CC2(CC2)C1
dsgdb9nsd_019339,N#C[C@]12O[C@H]1[C@H]1N[C@H]12
dsgdb9nsd_047523,O=C1COC[C@H]2C[C@@H]1C2
dsgdb9nsd_001576,CCO[C@@H](C)CO
dsgdb9nsd_058403,C[C@@H](O)[C@H](C#N)OC=O
dsgdb9nsd_006219,C[C@H]1CC(C)(C)CO1
dsgdb9nsd_011765,C#C[C@]12CC[C@H](C1)C2
dsgdb9nsd_057730,CC(C)(C=O)NCC=O
dsgdb9_020984_new,Cc1noc(=N)n1C
dsgdb9nsd_069806,C[C@@]12C=C[C@@H]3N[C@@H]3[C@@H]1C2
dsgdb9nsd_083207,C[C@H]1[C@H]2CN[C@@H](C#N)[C@@H]12
dsgdb9nsd_115271,CC1(C)CO[C@@H](CO)O1
dsgdb9nsd_059709,CC(C)[C@H]1OC[C@H]2C[C@H]21
dsgdb9nsd_007113,CCNC(=O)NC=O
dsgdb9nsd_041146,C1=C[C@H]2CC[C@]23C[C@H]1O3
dsgdb9nsd_103407,C[C@@]1(CO)[C@@H](O)[C@H]2C[N@@]21
dsgdb9nsd_095471,O=CN[C]1[N]CC[C@@H]1O
dsgdb9nsd_132802,Nc1nccc(F)c1O
dsgdb9nsd_061296,N#CC[C@H](N)CC(N)=O
dsgdb9nsd_008220,CC(=O)CN1CCC1
dsgdb9nsd_085662,CC1=C[C@@H](C)N[C@H]1C#N
dsgdb9nsd_113614,CC[C@H]1O[C@H]1C#CC=O
dsgdb9nsd_051355,O=CO[C@H]1[C@@H]2[C@H]3C[C@@H]2[C@H]31
dsgdb9nsd_017300,O[C@]12CC[C@H]1[C@H]1O[C@H]12
dsgdb9nsd_104368,CC[C@@]1(O)CCNC1=O
dsgdb9nsd_018033,C1CO[C@H]2COC2=N1
dsgdb9nsd_046629,O=C1COC2=NCCN12
dsgdb9nsd_071085,C[C@]12C[C@@H]3[C@H]1C(=O)[C@@H]3O2
dsgdb9nsd_048604,N#C[C@@H]1[C@H]2C[C@]1(C=O)C2
dsgdb9nsd_076932,C[C@]1(C#N)[C@H](C=O)[C@@H]1O
dsgdb9nsd_001562,COC[C@@H](C)C=O
dsgdb9nsd_047537,N=C1C[C@H]2O[C@H]2CCO1
dsgdb9nsd_093000,C[C@@]12C=CC[C@H](O)[C@@H]1C2
dsgdb9nsd_105076,CCC1([C@H]2C[C@H]2C)CC1
dsgdb9nsd_102719,CC[C@H](C#N)C[C@H]1CO1
dsgdb9nsd_040258,C1OC[C@]2(CO2)[C@@H]2O[C@H]12
dsgdb9nsd_058417,CC(C)[C@]1(C)[C@H](O)[C@@H]1O
dsgdb9nsd_115265,C#CC1=C[C@@H](CO)OC1
dsgdb9nsd_083213,CN1[C@@H]2[C@H](C#N)NC[C@@H]21
dsgdb9nsd_069812,C[C@@]12C=C[C@@H]3C[C@@H]3[C@@H]1O2
dsgdb9nsd_057724,C#C[C@](C)(O)COC=O
dsgdb9nsd_060188,C#C[C@@H]1C[C@@H]1C[C@@H](C)O
dsgdb9nsd_011771,N#C[C@]12C[C@H](CO1)C2
dsgdb9nsd_012278,C[C@@H]1[C@H](CO)O[C@@H]1C
dsgdb9nsd_063481,C#CC[C@@]1(C)OC1(C)C
dsgdb9nsd_098155,C#C[C@@](C)(O)C(=O)CO
dsgdb9nsd_005704,c1nc2c(o1)CNC2
dsgdb9nsd_043751,N#CC[C@@]12CC(=O)[C@@H]1N2
dsgdb9nsd_101210,CC[C@@H](C)[C@H]1CC(=O)N1
dsgdb9nsd_052884,CC#C[C@@]1([C@H]2CO2)CO1
dsgdb9nsd_024912,N=C1C[C]2N[CH]N=C2O1
dsgdb9nsd_090509,C#CCN1[C@@H]2[C@@H](C)C[C@@H]21
dsgdb9nsd_062947,CC1(C)[C@H]2C[C@H]2C12CC2
dsgdb9nsd_088346,N=COC(=O)[C@@H]1C[C@@H]1O
dsgdb9nsd_073692,O[C@]12CCO[C@H]1COC2
dsgdb9nsd_087075,C[C@H]1C[C@]1(C)C#CC#N
dsgdb9nsd_111003,CC[C@H]1[C@@H]2CO[C@@]1(C)C2
dsgdb9nsd_053542,CC#CC[C@@]1(C#N)CN1
dsgdb9nsd_118999,CCC[C@@]1(C)COCO1
dsgdb9nsd_015517,O=CN1CCOC1=O
dsgdb9nsd_003375,C#C[C@H]1[C@H]2CC[C@@H]12
dsgdb9nsd_089058,C[C@H]1CN1CC[C@H]1CO1
dsgdb9nsd_045320,O=C1C[C@H]2CC=CCN12
dsgdb9nsd_091617,O=C1O[C@@H]2C[C@H](O)[C@H]1O2
dsgdb9nsd_107661,CC[C@@]12CCCO[C@@H]1C2
dsgdb9nsd_128682,COc1cc(C=O)[nH]n1
dsgdb9nsd_014609,N#CCCCOC=N
dsgdb9nsd_108552,CC[C@@]12CC[C@H]3O[C@@H]1[C@H]32
dsgdb9nsd_043989,O=C1N[C@]23CCC[C@]12C3
dsgdb9nsd_117472,COCC(=O)CCC=O
dsgdb9nsd_081404,C#C[C@@H]1O[C@@H]2C[C@H]1[C@H]2O
dsgdb9nsd_013166,C#C[C@H](C)[C@H]1CCO1
dsgdb9nsd_096178,C[C@H]1COC[C@H]2CC[C@H]21
dsgdb9nsd_118741,COC[C@@]1(C)CC(=N)O1
dsgdb9nsd_126877,CC/N=c1/[nH]c(O)no1
dsgdb9nsd_109894,CN1[C@@H]2CO[C@@H]2[C@@H]1CO
dsgdb9nsd_055655,CC(C)(C=O)OC(N)=O
dsgdb9nsd_117314,COCC(=N)NC(N)=O
dsgdb9nsd_044980,N#C[C@@]12C[C@@H]1OC(=N)O2
dsgdb9nsd_081362,C[C@@H]1[C@@H]2C[C@H]1C=C[C@@H]2O
dsgdb9nsd_013600,CN1C[C@H]1C(=O)CO
dsgdb9nsd_042329,C#CC#CC(=O)N1CC1
dsgdb9nsd_100668,CC(C)(CO)[C@@H](O)CO
dsgdb9nsd_075585,CC1=CCOCOC1=O
dsgdb9nsd_118027,N#C[C@H](O)[C@@H](N)CCO
dsgdb9nsd_003413,O=C1C=C[C@H]2N[C@@H]12
dsgdb9nsd_091171,C[C@H]1O[C@H]2C=C[C@@H]1C=C2
dsgdb9nsd_107107,O=C[C@@H]1C[C@@]2(CO)C[C@@H]12
dsgdb9nsd_045446,O=C1O[C@H]2CO[C@@H]1OC2
dsgdb9nsd_074843,CC1=C[C@H]2C[C@H]2C1(C)C
dsgdb9nsd_108234,CC[C@@]12OC[C@]1(O)[C@H]2O
dsgdb9nsd_065796,C[C@@]1(C#N)NC=CC1=O
dsgdb9nsd_032816,COCc1nc[nH]c1C
dsgdb9nsd_044758,C#C[C@]12C[C@H](CC1=O)C2
dsgdb9nsd_106219,CC[C@@]12C=C[C@H]3O[C@@H]1[C@H]32
dsgdb9nsd_088420,C[C@@]1([C@H]2C[C@H]2O)C[C@H]1O
dsgdb9nsd_053224,CC#CC1CC(C)(C)C1
dsgdb9_132883_new,[NH]C1=C(F)C=C(O)[CH]N1
dsgdb9nsd_087713,C[C@H]1C[C@]2(CN2C)[C@H]1O
dsgdb9nsd_111765,CO[C@]12CO[C@H]1[C@H]2CO
dsgdb9nsd_015271,CO[C@@H]1[C@H](C)[C@@H]1OC
dsgdb9nsd_064488,C[C@@]1(O)CCOCOC1
dsgdb9nsd_098633,CCC(=O)[C@H]1CC(=N)O1
dsgdb9nsd_130973,O=CCNc1cnno1
dsgdb9nsd_119339,CCC[C@]12[C@@H]3C[C@H]1[C@H]2O3
dsgdb9nsd_005062,Cc1[nH]cc(N)c1C
dsgdb9nsd_101576,CC[C@@H](C)NC(=O)NC
dsgdb9nsd_097500,NC(=O)C(=O)C#CCO
dsgdb9nsd_043037,N#C[C@@]12C(=O)[C@H]3N[C@@H]1[C@H]32
dsgdb9nsd_094009,O=C[C@@H]1CC[C@H](O)[C@@H]1O
dsgdb9nsd_124906,C[C@@]1(O)Cn2ncnc21
dsgdb9nsd_077392,C[C@H]1[C@]2(C)[C@H]3C[C@@H]2[C@]31O
dsgdb9nsd_029588,Oc1c[nH]cc1N1CC1
dsgdb9nsd_058371,C#CC[C@@H](C#N)[C@@H](C)O
dsgdb9nsd_057042,N#C[C@H](O)[C@H]1NCC1=O
dsgdb9nsd_009658,N#C[C@@]1(O)C[C@@H]1CO
dsgdb9nsd_115503,CC[C@H]1CC[C@@H](OC)O1
dsgdb9nsd_083575,O[C@@H]1[C@@H]2CC[C@H]1OC=N2
dsgdb9nsd_011017,N=C1OC[C@@]2(O)C[C@@H]12
dsgdb9nsd_067181,O=C1C[C@H]2[C@H]3N[C@@H]1[C@]32O
dsgdb9nsd_016778,N=C1NC(=N)[C@@H]2O[C@H]12
dsgdb9nsd_048162,O=CC(=O)OC1COC1
dsgdb9nsd_001204,NC(=O)C#CC=O
dsgdb9nsd_093766,C[C@H]1OCC(N)=CC1=O
dsgdb9nsd_105710,C#C[C@@]1(CC)C=CCC1
dsgdb9nsd_047251,N=C1NCC=CCC1=O
dsgdb9_133410_new,N=c1cc(F)c(F)n[nH]1
dsgdb9nsd_051433,O=CO[C@H]1[C@@H]2CO[C@H]1C2
dsgdb9nsd_085104,C[C@H]1OC(=N)[C@]1(N)C#N
dsgdb9nsd_113172,CCN1C[C@]1(C)C(C)=O
dsgdb9nsd_038485,C1O[C@@]23C[C@@]12C[C@@H]1N[C@@H]13
dsgdb9nsd_017466,C[C@]12C[C@H]3O[C@H]3[C@H]1N2
dsgdb9nsd_018755,C[C@H]1CN2C[C@@H](O)[C@@H]12
dsgdb9nsd_101927_new,CN[C@H](C(=O)O)[C@H]1CO1
dsgdb9nsd_009880,C#CCCC1(O)CC1
dsgdb9nsd_026863,Cc1oc(=O)cnc1N
dsgdb9nsd_092478,C[C@H]1O[C@H]2CC[C@@H]1CC2
dsgdb9nsd_060836,C[C@@H](C=O)N(C=N)C=O
dsgdb9nsd_039943,C1=C[C@]2(CO2)[C@@H]2N[C@@H]2C1
dsgdb9nsd_028696,N#CCc1ncc(O)[nH]1
dsgdb9nsd_007675,C[C@@]1(O)C[C@H]2OC[C@H]21
dsgdb9nsd_103361,CO[C@@]1(C)[C@@H]2C=C[C@H]1C2
dsgdb9nsd_095317,O[C@H]1CC[C@@H]2CC[C@H]1C2
dsgdb9nsd_041620,[CH]1[C]2CC[C@H]2[C@H]2CC[C@@H]12
dsgdb9nsd_010309,CN[C@@H](C#N)[C@@H](C)O
dsgdb9nsd_008546,C[C@@]12C[C@H]3CN(C1)[C@H]32
dsgdb9nsd_004354,Cc1nccc(N)n1
dsgdb9nsd_096636,C/N=C(\C)N(C)C(N)=O
dsgdb9nsd_100640,C[C@@](O)(C#N)[C@@H](N)CO
dsgdb9nsd_042301,C#CC(=O)[C@@H]1C=CCC1
dsgdb9nsd_111995,C[C@H]1[C@H]2[C@@H](CO)N=CN21
dsgdb9nsd_120590,C#C[C@@]1(C)C[C@@H]1COC
dsgdb9nsd_099505,C#C[C@H](CO)C(=O)OC
dsgdb9nsd_013628,CC[C@@H](O)[C@H]1CN1C
dsgdb9nsd_024084,C#CCCc1c[nH]cn1
dsgdb9nsd_052112,O=CCN[C@@]12CO[C@@H]1C2
dsgdb9nsd_110453,CO[C@@H]1[C@@H]2[C@H](C)[C@@H]3[C@H]1[N@]32
dsgdb9nsd_086425,C[C@@H]1O[C@H](C)[C@@H]2CC[C@@H]21
dsgdb9nsd_014147,C[C@H]1C[C@@]12CCCO2
dsgdb9nsd_034297,C#C[C@@]12CC[C@@H](CO1)C2
dsgdb9nsd_091159,O[C@@H]1C=C[C@@H]2C[C@H](O)[C@H]12
dsgdb9nsd_121856,CC#C[C@H](C)CCCC
dsgdb9nsd_130783,C#CCn1cnoc1=O
dsgdb9nsd_089716,C[C@]1(O)C[C@]12C[C@H](C)C2
dsgdb9nsd_109102,CNC1=NCC(=O)C1=O
dsgdb9nsd_015259,CC[C@@H]1[C@H](C)[C@@H]1CC
dsgdb9nsd_100898,C#C[C@H](OC)[C@@H](C)CO
dsgdb9nsd_088408,C#C[C@H](C=O)[C@@H]1C[C@@H]1O
dsgdb9nsd_002725,CCCOCCO
dsgdb9nsd_106231,CC[C@]12N=CO[C@H]1[C@H]2C
dsgdb9nsd_090247,O[C@H]1C[C@]23CC[C@@H]2[C@H]1C3
dsgdb9nsd_035189,C#C[C@H]1N[C@@]12C[C@H]1O[C@H]12
dsgdb9nsd_044770,N=C1O[C@H]2C[C@@]13CC[C@@H]23
dsgdb9nsd_023933,C#CC#Cc1ncco1
dsgdb9nsd_097528,C#C[C@@H](C#N)C#CCC
dsgdb9nsd_065966,C[C@@]1(C=O)COC12CC2
dsgdb9nsd_119311,CCCC1(C=O)CCC1
dsgdb9nsd_054563,NC(=O)[C@]12N[C@@H]3[C@H]1N[C@@H]32
dsgdb9nsd_080054,C[C@H]1[C@H]2C=C[C@@H]3[C@H]2[C@@]31C
dsgdb9nsd_116022,CCN1CCC=CC1=O
dsgdb9nsd_012536,CC1OCC=CCO1
dsgdb9nsd_071913,O[C@]12C[C@@H]3[C@H](C1)O[C@@H]3C2
dsgdb9nsd_122387,OCCC[C@H]1[C@H]2CC[N@@]21
dsgdb9nsd_037946,C1=C[C@@H]2[C@H]3O[C@@H]2[C@H]3CC1
dsgdb9nsd_009670,C[C@@]1(CO)C[C@H]1CO
dsgdb9nsd_078089,C[C@H]1[C@H]2[C@H](C#N)O[C@]21C
dsgdb9nsd_026693,Cc1[nH]c(O)c(O)c1O
dsgdb9nsd_058359,C[C@@H](O)[C@@H](C=O)C1CC1
dsgdb9nsd_006543,CC(C)(O)C1(C)CC1
dsgdb9nsd_094021,C#C[C@@H]1C=C[C@@H](C)CO1
dsgdb9nsd_040516,C1N[C@@]2([C@H]3CN3)CO[C@@H]12
dsgdb9nsd_019463,O=C[C@H]1[C@@H]2C=C[C@H]1O2
dsgdb9nsd_047279,N=C1C=CC(=N)OCO1
dsgdb9nsd_036480,N#CCN1CC[C@H]1C#N
dsgdb9nsd_105738,CC[C@]1(C=O)C=CCO1
dsgdb9nsd_050705,O=C[C@H]1OCC[C@H]2O[C@@H]12
dsgdb9nsd_112244,CC[C@H]1OC(=O)[C@H]1C=O
dsgdb9nsd_084232,C[C@H]1[N][C]2N[C@H]3[C@@H]1[C@@]23O
dsgdb9nsd_016750,O=CN1C[C@@H]2O[C@@H]2C1
dsgdb9nsd_028866,Cc1cncc(N)c1C
dsgdb9nsd_007885,CC1=C[C@@H](O)C(=O)C1
dsgdb9_127200_new,Cn1c(C=O)noc1=N
dsgdb9nsd_000132,O=CCCO
dsgdb9nsd_104426,CC[C@@]1(C)CCOC=N1
dsgdb9nsd_092450,C[C@H]1C[C@H]2OC[C@@H]1[C@H]2O
dsgdb9nsd_046167,C#C[C@]1(C#N)CNC1=N
dsgdb9nsd_069184,C#C[C@@H]1C(=O)[C@@H]2C[C@]12C
dsgdb9nsd_049254,O=CC1=NCC=CCO1
dsgdb9nsd_093996,O=CN1CC[C@H](O)C1=O
dsgdb9nsd_056374,N#CC(N)(C#N)C1CC1
dsgdb9nsd_079397,C[C@H]1[C@H]2[C@@H]3C[C@@]2(C)[C@]13C
dsgdb9nsd_082643,C[C@H]1[C@H]2N[C@H]3[C@]1(O)[C@]32O
dsgdb9nsd_114635,CO[C@H]1C[C@H]2O[C@@]12CO
dsgdb9nsd_010321,CCN(C=O)C(C)=O
dsgdb9nsd_123099,CCCOCCC(N)=O
dsgdb9nsd_041608,C1=C[C@@]2(OC1)[C@@H]1CO[C@@H]12
dsgdb9nsd_103349,CO[C@]1(C)[C@@H]2O[C@H]1[C@@H]2C
dsgdb9nsd_059047,CC(C)C1=CCCCC1
dsgdb9nsd_016988,C1C[C@]23CO[C@@H]2[C@H]1C3
dsgdb9nsd_082125,N#CC[C@H]1[C@@H](O)[C@H]2C[N@@]21
dsgdb9nsd_114153,C#C[C@@]12C[C@H](OC)[C@@H]1N2
dsgdb9nsd_056412,C#CCC#C[C@@H](C)C#C
dsgdb9nsd_008208,C[C@@]12C[C@]1(O)CCO2
dsgdb9nsd_010447,N#CC[C@@]1(C#N)CN1
dsgdb9nsd_021842,O=COC1=N[N]O[CH]1
dsgdb9nsd_095459,C[C@H]1CCC=C1CC#N
dsgdb9nsd_030797,Cc1cc(N)c(CO)o1
dsgdb9nsd_067817,O[C@@]12C=C[C@H]3O[C@@H]1[C@@H]2O3
dsgdb9nsd_059721,CC1=CCC[C@@H]1C(C)C
dsgdb9nsd_000654,O[C@@H]1[C@@H]2C[C@H]1O2
dsgdb9nsd_011981,C[C@]1(O)C(=O)[C@@H]2N[C@@H]21
dsgdb9nsd_046601,O=C1OC[C@]23CN[C@]12C3
dsgdb9nsd_104340,CC[C@]1(C)CC=CCC1
dsgdb9nsd_092336,C[C@@H]1OC[C@@H]2O[C@H](C)[C@H]12
dsgdb9nsd_078937,C[C@H]1[C@H]2[C@H]3[C@@H]1[C@]1(O)[C@H]3[C@H]21
dsgdb9nsd_017328,C[C@]12C[C@H]1C[C@H]1O[C@H]12
dsgdb9nsd_049532,O=CN1[C@H]2C[C@@H]1[C@@]21CN1
dsgdb9nsd_124090,c1cnn(C2COC2)n1
dsgdb9nsd_020584,Cc1[nH]ncc1C#N
dsgdb9nsd_093028,C[C@H]1CC=C[C@@H]2C[C@H]1O2
dsgdb9nsd_019305,C1CC1CCN1CC1
dsgdb9nsd_123927,C1COc2onnc2C1
dsgdb9nsd_112522,CC[C@H]1O[C@@H](C#N)[C@H]1O
dsgdb9nsd_084554,C[C@H]1C=C[C@H]2[C@H]3C[C@@]12O3
dsgdb9nsd_050063,C#CC(=O)[C@@H]1O[C@@H]1C=O
dsgdb9nsd_016036,C[C@H]1[C@H]2OC[C@]21C#N
dsgdb9nsd_011759,OC[C@@]12C[C@H](O)[C@@H]1C2
dsgdb9nsd_009116,C#CC(=O)C#CCC
dsgdb9nsd_006225,C[C@H]1COC(C)(C)O1
dsgdb9nsd_040270,C1=CC2(CCCC1)CC2
dsgdb9nsd_085892,C[C@H]1OC(C)(C)[C@H]1C=O
dsgdb9nsd_031489,Cc1oc(CN)nc1N
dsgdb9nsd_094747,C#C[C@@]12CC[C@H](C)[C@@H]1O2
dsgdb9nsd_102731,CO[C@H](C#N)C[C@H]1CN1
dsgdb9nsd_101238,CO[C@@H](C)[C@H]1C[C@@H](C)O1
dsgdb9_026304_new,C[C@@H](O)c1coc(=N)o1
dsgdb9nsd_043779,N#C[C@]12C[C@H](C1)C(=N)O2
dsgdb9nsd_119477,COC[C@@]12C[C@H](C)[N@@]1C2
dsgdb9nsd_080732,C[C@H]1[C@H]2C[C@H](C#N)C[C@@H]12
dsgdb9nsd_116744,CC/N=C/NC(=N)OC
dsgdb9nsd_107891,CO[C@]12C[N@@]3[C@H]1[C@H](C)[C@@H]32
dsgdb9nsd_128872,N#CC#Cc1ncon1
dsgdb9nsd_012250,CN1C(=O)C[C@@H]1CO
dsgdb9nsd_126687,CCN(C)[C]1N=C[N]N1
dsgdb9nsd_109664,C[C@H]1[C@@H](CO)[C@]1(C)CO
dsgdb9_030449_new,C/N=c1\cccc(O)o1
dsgdb9nsd_022393,C/C(CC1COC1)=N\O
dsgdb9nsd_002043,CC1(C)[C@H]2C[C@@H]1C2
dsgdb9nsd_044016,O=C1C[C@]23C[N@@]4[C@H]2[C@H]1[C@@H]43
dsgdb9nsd_106557,CC[C@]12O[C@H]([C@H]1C)[C@H]2C
dsgdb9nsd_090521,C[C@H]1C[C@@H]2[C@H]1C[C@H]2C#N
dsgdb9nsd_110335,CC[C@@H]1[C@@H]2C(=O)[C@@H](C)[C@H]12
dsgdb9nsd_086343,CN1C[C@@H](O)[C@H]1[C@H]1CO1
dsgdb9nsd_052674,CC#C[C@@H](O)C1(C)CC1
dsgdb9nsd_014621,N#CCCCOC=O
dsgdb9nsd_107649,CO[C@@]12C=CCO[C@@H]1C2
dsgdb9nsd_045308,O=C1C[C@H]2CC=C[C@H]2N1
dsgdb9nsd_089070,O[C@H]1C[C@H]1CC[C@H]1CO1
dsgdb9nsd_004432,Cc1oc(=O)oc1C
dsgdb9nsd_118769,CC1(C)C[C@]1(O)CCO
dsgdb9nsd_042467,N#CC(=N)NC[C@H]1CO1
dsgdb9nsd_096150,C[C@H]1C[C@H]2C[N@]2CCO1
dsgdb9nsd_100126,C/N=C/OC(C)(C)CO
dsgdb9nsd_055558_new,N=C(CC(=O)O)N1CC1
dsgdb9nsd_073862,CC1=C(C)CC(C=O)C1
dsgdb9nsd_099263,C[C@@H](O)COC(=O)CN
dsgdb9nsd_035837,N#CC1=CCN[C@@H]1C#N
dsgdb9nsd_005738,OC1=N[CH]N2CC[C]12
dsgdb9nsd_119463,CCC[C@]12C[C@@H](O)[C@H]1O2
dsgdb9nsd_032194,Cc1ccccc1CO
dsgdb9nsd_012244,CC[C@H]1OC(=N)[C@H]1N
dsgdb9nsd_098169,C#C[C@](C)(N)C(=O)OC
dsgdb9nsd_128866,N#CC#Cc1ncno1
dsgdb9nsd_107885,CN1[C@H]2[C@@H]3C[C@@]2(CO)[C@@H]31
dsgdb9nsd_054211,CC(=O)C1(O)CC=CC1
dsgdb9nsd_116750,CC/N=C/OC(=O)CN
dsgdb9nsd_080726,C#CCN1C[C@@H]2[C@H](O)[C@@H]21
dsgdb9nsd_087049,C[C@H]1N[C@]1(C#N)[C@H]1CN1
dsgdb9nsd_022387,C[C@@]12C[C@@H](C/C1=N\O)O2
dsgdb9nsd_109670,CC[C@]1(C)[C@H](OC)[C@@H]1O
dsgdb9nsd_126693,CCN(C)c1ccon1
dsgdb9nsd_090535,C[C@H]1O[C@@H]2[C@H]1O[C@H]2C#N
dsgdb9nsd_106543,CO[C@]12C[C@H](C1=O)[C@H]2O
dsgdb9nsd_044002,O=C1C[C@]23CC[C@]2(C3)N1
dsgdb9nsd_002057,O=C1CN=COC1
dsgdb9nsd_014635,CC#CC#CCC#N
dsgdb9nsd_101793_new,CCN(C)CCC(=O)O
dsgdb9nsd_052660,CC#C[C@@H](N)[C@@H](O)C#N
dsgdb9nsd_023099,C#C[C@@H]1CCC/C1=N\O
dsgdb9nsd_086357,CN1C[C@@H](O)[C@H]1CC#N
dsgdb9nsd_110321,CN1C[C@@]2(O)[C@@H](CO)[C@@H]12
dsgdb9nsd_003349,C1C[C@H]2COC2=N1
dsgdb9nsd_089064,C[C@H]1O[C@H]1COC1CC1
dsgdb9nsd_116988,CCNC(=O)C#CC#N
dsgdb9nsd_100132,C#CCC[C@](C)(O)CO
dsgdb9nsd_096144,O[C@H]1CCC[C@@H]2C[C@H]1O2
dsgdb9nsd_042473,N#CC(=O)CCN1CC1
dsgdb9nsd_004426,[NH]C1=N[CH]N=C(O)O1
dsgdb9nsd_081438,CN1[C@H]2C[C@@H]1[C@@]1(C)O[C@@H]21
dsgdb9nsd_035823,N#C[C@H]1NC[C@H]2OC[C@@H]12
dsgdb9nsd_099277,CNC(=O)OCC(C)C
dsgdb9nsd_073876,CC1=C(C=O)C(=O)NC1
dsgdb9nsd_010453,N#CC[C@]1(C=O)CN1
dsgdb9nsd_056406,C#C[C@H](O)C#CC1CC1
dsgdb9nsd_114147,CC[C@H]1N[C@@]2(C#N)C[C@@H]12
dsgdb9nsd_082131,C[C@H]1[C@@H](NC=O)[C@H]2C[N@@]21
dsgdb9nsd_059735,CC(C)[C@H]1CCOC1=N
dsgdb9nsd_067803,C[C@@]12[C@H]3C[C@@H]1C=C[C@]32C
dsgdb9nsd_030783,COc1ccn(C)c1N
dsgdb9nsd_021856,[NH]C1=N[N]NC(O)=C1
dsgdb9nsd_078923,C[C@@H]1[C@@H]2[C@@H]3[C@@H]4[C@H]1N2[C@]34C
dsgdb9nsd_092322,C[C]1CO[C@@H]2C[C@H](O)[C]12
dsgdb9nsd_104354,C[C@@]1(CO)CCOC1=O
dsgdb9nsd_046615,O=C1OCC2=C1CCC2
dsgdb9nsd_011995,C[C@H]1[N@]2C[C@H]2C1(C)C
dsgdb9nsd_000640,C1CC2(C1)CC2
dsgdb9nsd_113628,CC[C@H]1O[C@H]1C(=O)C#N
dsgdb9nsd_020590,Cc1onnc1C=O
dsgdb9nsd_051369,O=CCN1[C@@H]2[C@@H]3O[C@@H]3[C@@H]21
dsgdb9nsd_124084,C1OCC1c1nnon1
dsgdb9nsd_049526,O=C[C@H]1[C@H]2C[N@@]1C21CC1
dsgdb9nsd_123933,c1noc2c1NCCO2
dsgdb9nsd_019311,C(#CC1CC1)C1CC1
dsgdb9nsd_016022,C1OCC2(CC2)CO1
dsgdb9nsd_048638,O=C[C@]12C=C[C@H](C=C1)C2
dsgdb9nsd_050077,O=C[C@H]1C[N@]1C1COC1
dsgdb9nsd_084540,C[C@H]1C=C[C@H]2[C@@H]1[C@]2(C)O
dsgdb9nsd_112536,C#C[C@@H]1O[C@H](CO)[C@@H]1O
dsgdb9nsd_115259,CO[C@@H]1C=C(C#N)CO1
dsgdb9nsd_057718,C#C[C@](C)(O)CCC=O
dsgdb9nsd_009102,O=COC[C@H](O)C=O
dsgdb9nsd_102725,CN[C@H](C#N)CC1CC1
dsgdb9nsd_094753,C[C@H]1NC[C@@]2(C#N)O[C@@H]12
dsgdb9nsd_085886,CN1C[C@@](C)(O)[C@H]1C#N
dsgdb9nsd_040264,C1=CCC2(CC2)COC1
dsgdb9nsd_006231,C[C@H]1C(C)(C)[C@]1(C)O
dsgdb9nsd_026687,Cc1oc(N)c(C)c1O
dsgdb9nsd_009664,CC[C@H]1N[C@]1(C)C=O
dsgdb9nsd_083549,O[C@H]1[C@H]2CO[C@@H]1C21CC1
dsgdb9nsd_037952,[CH]1CCO[C@@H]2[C@@H]3C[C]1[C@@H]32
dsgdb9nsd_122393,CCCCC1CC(=O)C1
dsgdb9nsd_071907,C[C@@]12C[C@H]3C[C@@H](C1)[C@H]3O2
dsgdb9nsd_040502,C1[C@@H]2O[C@@]3([C@H]4CN4)[C@@H]2[C@@H]13
dsgdb9nsd_102043,COC(=N)[C@H](C=O)CO
dsgdb9nsd_094035,C[C@@H]1C=C(CC#N)CO1
dsgdb9nsd_006557,CC(C)(C)C[C@H]1CO1
dsgdb9nsd_001238,C[C@@H](O)C#CC=O
dsgdb9nsd_036494,N#CC[C@H]1NC[C@H]2O[C@@H]12
dsgdb9nsd_019477,CC[C@H]1[C@@H]2CO[C@H]1C2
dsgdb9nsd_007891,CC1=N[C@H](C)C(=O)O1
dsgdb9nsd_028872,Cc1ncnc(O)c1C
dsgdb9nsd_016744,O=C[C@H]1C[C@H]2C[N@]2C1
dsgdb9nsd_084226,C[C@]12[C]3[CH][C@H](O)[C@H]1[N@]2C3
dsgdb9nsd_112250,O=C[C@@H]1C(=O)O[C@@H]1CO
dsgdb9nsd_050711,O=C[C@@H]1CC=CCCC1
dsgdb9nsd_069190,C[C@]12N[C@H]1C(=O)[C@H]2C#N
dsgdb9nsd_018769,C[C@]12[C@@H]3[C@H]4[C@H](C[C@H]41)[C@@H]32
dsgdb9nsd_046173,C#C[C@]1(C#N)CCC1=O
dsgdb9nsd_092444,C[C@H]1[C@H]2CO[C@@H]1[C@@H](O)C2
dsgdb9nsd_104432,CO[C@]1(C)C=CCOC1
dsgdb9nsd_000126,C#CCCO
dsgdb9nsd_085138,C[C@H]1OC(=N)C12COC2
dsgdb9nsd_049240,O=CC1=CN[C@H]2C[C@H]2C1
dsgdb9nsd_010335,CO[C@@H](C=O)C(C)C
dsgdb9nsd_114621,CC[C@H]1C[C@H]2C[C@@]12CO
dsgdb9nsd_082657,C[C@H]1[C@H]2C[C@@H]3C(=O)[C@H]2[N@]31
dsgdb9nsd_079383,C#C[C@]12N[C@@H]3[C@H]1[C@@H](O)[C@@H]32
dsgdb9nsd_056360,C#CC(C)(C#C)[C@H]1CN1
dsgdb9nsd_093982,C[C@H]1CC[C@@H](C=O)C1=O
dsgdb9nsd_059053,C[C@@H](O)C1=CCOCC1
dsgdb9nsd_111981,OC[C@H]1C=C[C@@H](O)[C@H]1O
dsgdb9nsd_042315,C#CC(=O)[C@H]1CCOC1
dsgdb9nsd_100654,CO[C@@H](C)C(C)(C)C#N
dsgdb9nsd_004340,Cc1cccc(C)n1
dsgdb9nsd_055669,N#C[C@H](C=O)OC(N)=O
dsgdb9nsd_024090,C#CCNc1cocn1
