name,molweight,critical temperature (K),acentric factor,boiling point (K)
mol_0,238.9681331101101,782.0523990815801,0.03723786392409314,508.8048646189345
mol_1,148.4971787330541,584.8638894854051,0.2749572249219084,423.34300418143584
mol_2,261.8214383760733,836.5131471516677,0.07741803430922505,560.6340643507488
mol_3,218.28936784602826,741.427927577093,0.09139602609454542,500.6491907451452
mol_4,55.42788392966537,329.77893522453,0.3793696878181261,282.3681014713177
mol_5,293.4180349419241,936.0098972455389,0.23575643494213994,630.8580889929815
mol_6,235.5077195373953,779.1619477656569,0.553111470092997,578.6928132239119
mol_7,242.23736242477753,801.5300016558798,0.19149389676484202,553.2437144896697
mol_8,64.59068082239739,357.9347506793237,0.43570807703034065,280.79455912407144
mol_9,151.60420323180313,567.9946917186384,0.27665965809294457,407.60408238486207
mol_10,130.11546654279692,532.565074384449,0.39597078067756725,382.2470253583531
mol_11,280.2265469891225,904.1421930953676,0.3598172140295942,651.6655407875036
mol_12,203.84358242177942,708.279746875651,0.2836703836553989,493.3170880211425
mol_13,252.1456355831241,823.9072139558809,0.5700366567746622,630.6097272494831
mol_14,149.7218336833794,586.2527446662484,0.2056281856529735,410.3093580130046
mol_15,91.35445488188977,424.84862354751164,0.10634130074956354,303.01627802658766
mol_16,179.7378924942754,644.7442719182994,0.40685643652789694,472.7361748948975
mol_17,47.23065914812734,319.6469983186402,0.5076045367847453,271.1246376220703
mol_18,253.46041643799717,859.0998413395557,0.024152243963954257,561.8410488976357
mol_19,200.5493877629575,681.2681262870757,0.2697796130536083,482.0536933841604
mol_20,234.68368982305094,798.2570779534576,0.5354926138123958,592.4339570083226
mol_21,125.72201139506446,485.9074610690896,0.4497711713537205,366.45483825873976
mol_22,292.0884665866239,933.480263839989,0.5950846298985769,683.7581212661429
mol_23,271.14270275699334,901.4829993066144,0.31884828695834627,624.7113198638463
mol_24,240.1635442099157,807.7388883917988,0.39599743128069076,601.74549424554
mol_25,82.55245112003125,408.94050397817506,0.18148816868275688,290.32693530568696
mol_26,156.01467100629924,581.629935483702,0.5685213597995954,466.73057607463426
mol_27,41.82701676255177,305.0332499137078,0.21980129313392177,225.2784967045868
mol_28,71.65816285823792,375.36446491454444,0.44310642761197716,303.13859570812235
mol_29,214.42321737546274,724.2683943196864,0.24188412247144914,492.44418907418617
mol_30,231.08578209511063,773.3663210056535,0.3370913580377996,544.7489480656811
mol_31,291.2276277572367,931.0447868024883,0.4318695210129277,665.934957728155
mol_32,117.97284669730102,483.42386071529296,0.30536049105081253,371.0734189355281
mol_33,130.0241206294146,512.9660742632661,0.5442517961457051,405.51911636997187
mol_34,156.78006904446815,571.5465210472878,0.25158059275668615,420.5405873474421
mol_35,81.15726695275714,408.7540427732263,0.3882430788859951,322.2900814974052
mol_36,65.07880644057734,370.87686503094926,0.20541745998003247,285.22092831668647
mol_37,158.44033008100212,599.5757318660532,0.2448940009386078,423.55600697000256
mol_38,91.26552424373871,442.64136800027677,0.2640300649401314,347.1240437510214
mol_39,210.84977856427778,728.4424609669053,0.07548421098737114,483.5000098340714
mol_40,148.0310180955293,575.9577092993096,0.05503420743540401,378.17871752669555
mol_41,254.8231129356161,841.6153437236037,0.40049395388805475,589.3939913552288
mol_42,219.07157754060725,746.3058435602451,0.39331064300583135,561.526748898583
mol_43,114.33899317315108,477.885155510933,0.39774582852605717,370.8265027425822
mol_44,254.71014637670427,869.9876551786393,0.011859867205615004,569.9578090662587
mol_45,247.2863765241365,811.4366766125386,0.19592810560306795,569.7255761821119
mol_46,134.6191623381471,526.5597401785611,0.11868590835551815,368.0240818981213
mol_47,107.84858806116591,476.13161750466634,0.4668908535264074,389.3277355069822
mol_48,214.27378607324337,739.4622814125335,0.516378240837678,532.9927809562843
mol_49,67.73317057451365,348.26105322212925,0.1480082263356884,244.76907724683983
mol_50,83.97521466827925,426.7782104891542,0.4007094953087918,324.53128207135916
mol_51,31.98781283277149,278.55661345166624,0.07761768207496467,172.90140460582725
mol_52,242.46958192557736,789.5099883857076,0.16509151536102798,549.8243202643339
mol_53,209.50973127984867,741.6060899149297,0.08319269774005171,495.11289700896134
mol_54,220.39465222911048,760.3717641467185,0.17011245995953753,527.9897318352436
mol_55,240.79683837593134,783.0239660606096,0.40484192840956673,587.3513806603798
mol_56,153.9072593953518,611.4258910922453,0.5461961461111514,464.40030440814763
mol_57,183.5601229072813,668.7822677936962,0.12151344475451158,450.4979320816324
mol_58,67.74518949446751,369.2100320017931,0.3252474209704315,283.495151652453
mol_59,60.92311985471283,376.16108172110876,0.42083466074605935,307.99946648896446
mol_60,210.46879968342733,728.5614659660129,0.5717534810913394,542.3112574976816
mol_61,157.19597565864578,592.568693020054,0.3660362897323043,427.7995020305441
mol_62,182.61374874992097,646.6298701344726,0.15306415861642841,454.65439350795964
mol_63,236.5496915023269,800.1019853454235,0.37528689414836175,575.0391798204976
mol_64,201.37394640015953,710.5839105102585,0.1922946970068097,470.18387437174977
mol_65,179.46643817765886,648.8862975424928,0.5856770344150246,485.16202291066674
mol_66,180.98593340126166,640.6150381951402,0.23980568109818212,465.57005569925155
mol_67,112.0665264769053,482.11526400475435,0.41125663245660854,370.9794594719748
mol_68,38.32081533334364,294.755056546927,0.013936549408055087,188.11736572266796
mol_69,147.91369509273784,549.7821229508315,0.2400368676808532,389.3234984407893
mol_70,87.93786166127289,397.7674688833194,0.525064567993507,325.4399772414733
mol_71,140.30273380565177,559.2341351962759,0.3661364666599475,419.533875678016
mol_72,260.4188297824048,812.0187497302368,0.2663657318375858,552.6484402488757
mol_73,93.163661183642,435.9903108635239,0.5615624996614356,346.2325636212375
mol_74,45.74174025604783,307.1831047738122,0.5123906256883375,266.5907563437447
mol_75,105.97365084593906,484.55782621804633,0.19332940429376294,341.28150992539287
mol_76,109.27031459700457,465.77376335520324,0.32672904122480373,351.8603206398157
mol_77,208.71745897626167,731.6859106544325,0.2938945536554776,504.3469372321812
mol_78,180.39868113214516,645.042995211796,0.3793215000689174,473.7403167048241
mol_79,241.65251645873164,805.8375134491213,0.20046676017525336,564.9843018087447
mol_80,209.36465588839462,734.4641876847874,0.14652300045953295,505.6404429961553
mol_81,139.72445258881905,542.372795727179,0.5476031011533217,424.37401068979585
mol_82,249.78550385982936,839.4120829170495,0.5543246996991038,617.499823387025
mol_83,75.08268837508005,372.8012527811029,0.5059937314571874,298.1575612501758
mol_84,36.13225974614233,294.7495420037315,0.5869226584587368,263.7023400094796
mol_85,54.31292240942327,349.621901865376,0.4469949154678131,296.4385766554171
mol_86,225.03702466104158,772.4931240294591,0.45880033713719975,561.9867796514516
mol_87,154.7068521678746,615.5138035707176,0.4575540551775844,451.0676674191616
mol_88,73.54338033907248,372.4068610880213,0.2883645785653839,275.17603573512514
mol_89,165.28208927790814,592.5179844245415,0.27387131670856296,425.15223413367914
mol_90,71.12426773255547,362.89564270396187,0.1441357656894019,252.8167278615853
mol_91,218.00650127098874,754.9228916756985,0.38689151661557425,547.8859117014675
mol_92,150.46219440498828,583.6243300265113,0.17359208166140072,410.32182320752554
mol_93,132.87573104605028,533.7231775098369,0.15468504582141265,378.9829721212602
mol_94,111.40826406992666,461.67630443820974,0.35157682445763283,360.73641607238454
mol_95,200.17630014209988,711.9437597551856,0.2459894329350259,507.90010999759915
mol_96,127.68940484941541,500.8529404587804,0.13131396527677933,336.4896859562902
mol_97,53.66547821534727,351.5479392740217,0.48963361005169864,281.1571182859759
mol_98,61.861593572539135,397.51556027844583,0.5163419515766255,322.73451926424343
mol_99,289.7123694283689,929.7776907694955,0.10061971180666858,618.7264865031725
mol_100,275.3167864910539,897.0385882625009,0.004504219679999921,578.8693905325122
mol_101,218.92092612890238,739.9094187888226,0.20167798111762422,506.64395268000965
mol_102,101.78488959407028,427.30902416887346,0.4785065014084515,334.4620564488558
mol_103,291.6776218838854,920.1532642642602,0.5035043197405946,658.6330915468309
mol_104,240.26274407076454,784.26343156043,0.08299744206962953,522.7731931385272
mol_105,223.56035107292882,737.1958090360969,0.4646015407098307,552.694743139149
mol_106,151.32760557882295,604.1544130769921,0.06942250038565767,407.9440603936494
mol_107,103.50522169819294,462.85599201586894,0.23403755409391752,357.7284927037062
mol_108,56.02555978144481,345.7592131628218,0.5991657090071495,301.3424644422713
mol_109,273.70264706683724,879.6212821891494,0.11555449393854589,589.3372993743011
mol_110,153.059598255075,580.0559294010359,0.09237814954657586,393.1117511863977
mol_111,84.63810849471218,426.0635314703705,0.2536801995280761,313.62779806363545
mol_112,112.60828852067617,481.03566452126216,0.37180111558191686,365.8865374842775
mol_113,186.38928361431192,673.9336181061508,0.559740469447952,531.4537997881713
mol_114,77.72865139359256,391.38156401630613,0.5884926873198205,320.090488596304
mol_115,261.2858567049414,848.0823484013728,0.04178438195483678,571.3238484945477
mol_116,234.80027305550672,765.8969701547388,0.0827985104087432,515.975635408723
mol_117,224.25499810675294,730.9712593313753,0.4744427843375963,522.343533665347
mol_118,146.665120739278,562.7393733321989,0.16237929136251628,397.81731048671696
mol_119,199.37338698965965,699.2809178540476,0.5309094357038163,536.5659501490213
mol_120,187.7064516064386,649.9741784654647,0.39807195433745207,467.1603266494464
mol_121,205.4585824198014,713.1293330739841,0.0671068814284063,477.231084194593
mol_122,52.799966707770054,332.80620521428267,0.49951757095440424,261.9191427073302
mol_123,142.2679985860646,523.3298763742708,0.10581382800484551,345.0450603902101
mol_124,41.23582694271097,289.3626974645849,0.2540972368077923,231.62632267449828
mol_125,163.3775211960201,614.5527613960822,0.331310957135598,439.6652133656737
mol_126,119.06252732985203,503.46219926556626,0.300459689448167,356.5821935765099
mol_127,69.02153099383267,355.2487037385853,0.41169774936909026,285.9331589090999
mol_128,57.918801285088946,347.17372397021836,0.3916120409215531,270.47641728969705
mol_129,188.66403448798226,686.9961946003627,0.5952252033168329,518.7605353914654
mol_130,76.06010150495925,401.8063481472616,0.5996531455345127,344.01426172204106
mol_131,279.78243196173526,898.0267930991291,0.30987564158138453,615.9758381863414
mol_132,186.88650771910665,660.1966245979022,0.05711945217651839,432.3967457280384
mol_133,123.65484722440601,499.69695079599745,0.436705979381231,383.19654350823197
mol_134,189.54718269998253,680.8852534936011,0.5859984469299535,528.0963717275615
mol_135,36.15704517801832,293.3191725421891,0.19099583257741218,228.36379421922558
mol_136,288.8109875751902,931.4685290295085,0.27672533150254425,638.8087424065815
mol_137,160.22192797458305,602.5329271332749,0.25486615488927356,436.6672629222457
mol_138,241.3385113575773,815.6277376491548,0.030851492734157614,532.232815100198
mol_139,52.337099979058415,332.26163794201153,0.4033586587340669,285.5289725675421
mol_140,161.39774932630328,615.2647040577334,0.21200261704108067,419.1063579847458
mol_141,162.49088847572065,619.2895627448012,0.47247832477890134,477.619279423741
mol_142,283.21314284324535,895.9649576547412,0.4992720451691916,642.4565818926372
mol_143,184.36657414154035,633.7942746507896,0.49273847195870724,496.6586258440834
mol_144,157.84213828537753,617.7577385536622,0.24999959882392808,442.48109885482387
mol_145,102.08342903481126,459.0584535477121,0.1929274093445397,315.4205724120003
mol_146,119.5236292824891,473.09178477378094,0.4492924678002329,360.5754459552969
mol_147,170.5815486673152,615.7465792100073,0.4808336603056338,470.97140263292437
mol_148,148.5060942823626,582.8433500914539,0.2947544678348197,429.61968093810816
mol_149,35.835261567689216,285.3930014522296,0.5358186117217818,251.49103085570817
mol_150,253.09881953247663,825.0661275414047,0.08634521764713496,553.464623742286
mol_151,271.963408396737,900.9217488965371,0.527441267795376,663.0721444923299
mol_152,67.8672540296249,353.9588278783051,0.05765713978312876,241.60534252998636
mol_153,179.58975875554333,637.0020965225358,0.09211531323276834,417.53059587632583
mol_154,59.315450106569756,351.4594223921484,0.3203040079643762,261.8360262350264
mol_155,211.50482512074916,734.6188867826811,0.04051108811244901,490.5320885987018
mol_156,105.93312163653225,472.2779496064416,0.03168426084006621,327.05455540120425
mol_157,208.04411136681347,733.7788490855679,0.00031124649942331216,498.92291945007975
mol_158,226.2885458574583,768.7000439538685,0.2617899958165579,544.8822783595477
mol_159,237.5348228177674,801.1778161284947,0.46477432877533786,585.5762734538895
mol_160,59.09005540809207,343.83699963050395,0.020903010167949397,236.56535208796709
mol_161,277.32319818715416,894.248470016436,0.39135456387951323,628.2177541521676
mol_162,92.15777754161782,432.00745655484906,0.4938763904497119,342.3776577105398
mol_163,40.10139016756854,303.47994745620684,0.10080050914672267,203.649746068314
mol_164,179.8101667357005,661.1135139529927,0.08811824089284255,433.17427940177737
mol_165,130.14901664285847,533.6997268363185,0.5164805841723217,416.7812975372322
mol_166,254.04323064575155,835.7713316578817,0.4938747659700568,610.7469640233921
mol_167,248.22789745736148,808.4328538692881,0.3233650597585121,577.4637869663433
mol_168,115.62750106213315,490.08382152627354,0.4915199275763882,387.29920276224937
mol_169,287.2828366688311,917.7868248986416,0.05565364645469686,612.4460844522423
mol_170,108.54781629783203,474.2672644417781,0.23668891076325263,346.4100091678893
mol_171,169.06542489256293,655.7614418385134,0.4426785336638237,484.1405367118303
mol_172,99.11057445325274,439.9198444550133,0.154471175594378,312.5955256775977
mol_173,282.7317639132201,913.1637450699308,0.45139734866013165,647.1885238922368
mol_174,74.4441107471449,402.1372078765267,0.3025071626344883,304.8383439186314
mol_175,42.12586723592883,306.7846968013128,0.4501595927689398,262.70955862674197
mol_176,147.47620620082023,603.7581922896331,0.2788077827143977,424.0605359079765
mol_177,297.941402295076,939.1829163617178,0.22074260413309058,644.3807207935105
mol_178,270.75286188882677,881.7434930568677,0.13151352988717938,589.2606968313235
mol_179,232.12416525337628,768.328326960046,0.125027604861009,515.2459067784484
mol_180,270.5139725372017,871.0120603158548,0.4508944863428376,615.5948076056445
mol_181,271.23059271842305,881.8104904520075,0.0713462088203763,600.9837450635007
mol_182,170.09175730434126,637.9239541954692,0.051589410066567074,436.71492040933174
mol_183,115.3008439943141,493.0385324961389,0.10577481901327809,342.83749216898707
mol_184,238.44335666996676,814.9951144149379,0.10520790687235312,568.2703771966537
mol_185,208.64854105529548,720.1968729793487,0.49386457368413983,531.2771280003903
mol_186,130.8875867959017,522.2364390421693,0.23910397408452744,403.0400309365307
mol_187,55.50600037660912,379.3247775507136,0.5942330744162895,318.5738741526467
mol_188,231.63319506423701,784.996552402223,0.08232675467436743,528.7667033346037
mol_189,100.86433929917347,441.3686250582555,0.392123895416186,333.9839441908349
mol_190,282.9395506441204,896.9349201765799,0.26923770432075034,625.7678010637482
mol_191,95.06205525153489,423.5149394108671,0.23575090601824436,315.8309594950593
mol_192,63.144641751101226,371.9101447156049,0.5250505194324494,306.78703657980344
mol_193,254.40042147372466,830.535394290913,0.5853573874970398,634.2380651968359
mol_194,71.38676548861339,380.37735085638076,0.5237153752645072,315.8622434997333
mol_195,78.40244320258955,395.05347788989985,0.11538040742107981,276.87706954534633
mol_196,191.83335371062773,690.5557703956835,0.13247875272536042,461.2088808691668
mol_197,266.1317510261154,852.6282161720281,0.393644327457038,612.156068559021
mol_198,83.03735974293477,391.45981506519166,0.17345014898291503,277.5676189545253
mol_199,113.78739168302559,487.8329388152879,0.4408350784683479,368.17606927634836
mol_200,239.89930632511795,808.7626550832933,0.3398523904857868,564.9087418487511
mol_201,292.39313503646116,935.9708222876176,0.33054526109424176,681.6039023619475
mol_202,165.2001202746324,600.858494750121,0.49712815490327145,452.71983562989925
mol_203,68.85232568883771,382.2930868534652,0.4263196630456067,288.3981038735361
mol_204,33.762797681214415,273.24908029660156,0.015946658998375017,174.86751722084756
mol_205,92.00712809969092,422.1947405774315,0.02967548228760941,281.3087747020059
mol_206,65.59199880236068,349.8206941350716,0.3609350714736094,279.40188558628734
mol_207,212.96784187547152,751.9369799184592,0.2917152453733653,535.1501987124742
mol_208,62.894776249703405,366.73826373966875,0.15611079320579482,267.051561209209
mol_209,166.7090815375709,625.8476044791104,0.251193652388881,435.6602129732118
mol_210,217.45085762357934,762.3353153760851,0.45474619123971627,559.3903883890509
mol_211,186.90148448964365,709.4434499476899,0.495966890794758,517.3621514293978
mol_212,83.93942594821556,384.21017331188654,0.3367338407340265,287.61298219406956
mol_213,247.11362206921092,806.7084064598707,0.23122168851426178,549.2179162874074
mol_214,223.15992499626645,748.6571862280483,0.1624180568970642,500.208864629221
mol_215,229.52568105719627,761.0519083072503,0.31315108246155204,548.9640071776879
mol_216,65.38559292047458,347.3002335871307,0.18884977113862858,258.5276957164719
mol_217,63.413526985593045,354.0390215031521,0.33845708222833376,283.69217197515906
mol_218,280.4418887717571,882.8556662000516,0.4059914295057826,629.6668449420935
mol_219,137.34611233273398,548.3909163448961,0.0396475265516369,373.66766610718594
mol_220,111.25614678085373,478.9158417735635,0.0006404790136483429,297.9783817625076
mol_221,161.917692244914,612.0096605837398,0.12736628330444577,426.81098387504665
mol_222,208.97333744616725,730.049270389992,0.5367068986312686,546.4904159379704
mol_223,288.01827940268186,929.0908013081048,0.3877744579371355,663.5014923250152
mol_224,107.34048125815485,462.75006909302886,0.10317621116221372,321.1131332979954
mol_225,279.69827591424735,931.0628408251234,0.5341583770941712,666.1089731898941
mol_226,36.71206267428921,295.29662343295445,0.281973564172404,213.222854378462
mol_227,179.90347142824265,621.8214072812348,0.2856550540071964,436.7071035418781
mol_228,201.173280153893,687.8975641982393,0.561325166305593,525.8150321710895
mol_229,58.59229901270339,320.37320269634125,0.03569201531000401,222.48836200858318
mol_230,67.89169120725641,369.98924745541063,0.1291069647772311,245.60228042504608
mol_231,143.16086621540202,556.0750871777051,0.35146279509283346,398.59934240472717
mol_232,290.88261627865904,920.1801552281557,0.11729190574920245,611.7818852025539
mol_233,190.93148937328067,707.4926151192094,0.4077162055253747,510.7502123323804
mol_234,281.916269832057,913.0254176912962,0.1284553736020321,601.9768029867373
mol_235,247.1774472155021,828.8350934604503,0.059494182359288605,537.950346162974
mol_236,156.1930324199287,576.5164787306902,0.12419109578450384,386.41937814063743
mol_237,241.88613129809062,789.7281548752615,0.2536404205632373,550.8437650494726
mol_238,34.815931673786686,287.59191167092104,0.10568297950384793,190.1709577941481
mol_239,59.46887912674843,351.26730491165443,0.08081521495400838,239.94818159927144
mol_240,253.9457260183388,807.0196415391301,0.5161691317313645,603.4628608229357
mol_241,245.14061384779367,810.1469292767412,0.19223832215838468,542.9090920918711
mol_242,92.8130003309371,432.2435820704453,0.21645521191095216,308.72207635144
mol_243,173.30778946174445,630.0422361677943,0.03316224570073658,429.020346985935
mol_244,193.62427158900294,671.8598227873073,0.21442177410123248,463.822771350784
mol_245,264.28951751952303,852.6307660699905,0.1588843063929478,574.0422112655784
mol_246,192.83893248145594,679.444443300048,0.3662910404050731,502.7834294697647
mol_247,141.3943237038937,554.8478096138849,0.123234178603444,377.13353069879736
mol_248,131.02969171993934,536.646103038107,0.5330192718377043,428.40595791038106
mol_249,144.98816332084766,578.6832513763823,0.5577999725517331,452.186205243093
mol_250,206.02137690659302,710.6382264135738,0.05989863430607412,471.41561466642025
mol_251,264.22247057312774,853.713833491089,0.06444177377314632,573.9458784984554
mol_252,152.55215816060092,587.9452305045169,0.06919586286659278,398.6128787811402
mol_253,96.91668199686669,451.4543787383295,0.3717415537861872,352.20101166922376
mol_254,93.8988380093469,428.234088524484,0.07318137852577374,285.52652409700613
mol_255,231.42385566573054,790.4155413188189,0.5114293907581597,581.6387380523588
mol_256,250.4735661244558,840.877695428479,0.45256290896273543,606.5934369845663
mol_257,58.42508156061374,365.43800088641444,0.4918853149428144,306.65987183761
mol_258,47.970891377898106,346.6020420455426,0.3156363161316125,255.68633419209098
mol_259,190.49708921424198,663.2464809557134,0.598006326911492,518.5615696508902
mol_260,69.46677593202854,373.875412970059,0.026505061766496762,254.19678281017718
mol_261,252.65933142321217,831.8174940073104,0.240758978511668,562.761302305141
mol_262,113.7903619595001,483.00480137076266,0.1943620013625817,353.6260919228606
mol_263,68.84542190220851,362.3746109613692,0.5691872992275846,329.5058294953185
mol_264,278.6620275716116,874.3716388805628,0.3461165750985557,626.5711632127981
mol_265,74.6935651385251,388.12410453674784,0.48371457926683514,328.0532826949089
mol_266,106.8744222312426,455.6607206848878,0.1022047161951113,313.4329516526946
mol_267,71.47561670185583,379.97894396585394,0.5871804863402633,304.21465287127336
mol_268,61.18231718964584,341.04513984863183,0.2991837281257891,242.26894881698647
mol_269,35.70996441083881,272.7800358394319,0.2962032457623875,217.79254582161448
mol_270,44.95676047435023,315.906376591529,0.5825308371274427,272.0050492720759
mol_271,77.15319715268022,395.146815783798,0.228439416730287,278.62587319093626
mol_272,44.413121809337355,319.7220340931574,0.23851501473299574,238.47938391081823
mol_273,189.60883034996223,706.81003237117,0.35085162168296197,513.1925094125786
mol_274,213.7929222358667,738.6416485578295,0.07683156632867216,480.65794779561793
mol_275,136.28022334464762,547.976784867581,0.19265137584711292,379.483863896372
mol_276,115.85759617705334,473.4805705096235,0.11592499346707831,341.07756353954034
mol_277,166.2220839960021,596.2515983819598,0.06197008746422976,389.40415139239855
mol_278,266.2513344033443,889.3707777099607,0.519686763798612,655.6779129435887
mol_279,259.80553924199563,835.6616514059895,0.3535986996764856,587.2120035182036
mol_280,41.73826674345383,288.6865057866049,0.21520367491674672,221.51281374228586
mol_281,79.00457059106151,396.92494265940553,0.24520162642002769,301.9540635828184
mol_282,93.92111519818692,433.4499017948065,0.25891140221241277,324.10113837714067
mol_283,97.3346454746972,429.79901609009363,0.37988950928682563,337.99403048477103
mol_284,184.23281597054864,656.0074416456752,0.556061634893396,487.04559350836826
mol_285,142.39085493986192,574.4177731144065,0.5596677717941895,456.4413877779194
mol_286,43.29861238045038,296.15662681864893,0.234895187718398,214.79436605672876
mol_287,130.87581738408434,506.2844561947183,0.19755747575866173,359.9632500386135
mol_288,171.41329615376205,642.6721446979021,0.270627900111153,458.03169996373583
mol_289,57.451413784003314,351.0129881390788,0.3407605382570955,276.9328009046667
mol_290,255.03380952291113,828.276744497548,0.27709074686984897,581.3882515103139
mol_291,44.02970394557815,286.3417546220416,0.39525204589002055,227.7684815147208
mol_292,279.7073046348768,888.0989112406136,0.3326394140278582,610.3721287855876
mol_293,56.760548226566385,341.08080401367687,0.19242932801644566,256.53111263628784
mol_294,257.76523693139325,861.8981736767404,0.20743848345757956,593.4068042343449
mol_295,273.7163488604566,868.7421425280966,0.22715567253583854,610.0525918141982
mol_296,294.48408375838005,934.9424111732781,0.05678386094963321,620.9435166597468
mol_297,246.54698767387026,826.4946390830992,0.09963757944838388,541.4071072467249
mol_298,240.4589360082588,765.4283299188182,0.43386828128723165,565.456600374349
mol_299,203.47048451879786,724.1830038160782,0.23345802691324802,500.73593283866643
mol_300,240.32901573609482,783.0857807571406,0.12872338353608617,534.0736175647504
mol_301,66.32909627154972,370.8026730807283,0.33760344634491435,278.3172638566683
mol_302,174.73836970586208,640.5461715088163,0.4533237254840563,492.4844213055375
mol_303,168.8401749514119,638.3692332504874,0.15445341740722285,429.90630403133594
mol_304,261.54447891309053,862.1250629961295,0.49607392915424664,623.0047996415092
mol_305,154.95582871024928,551.7302143996734,0.5565029157750297,431.4587264837249
mol_306,133.97416394709543,523.1637211603987,0.35843671744430444,376.7768899372971
mol_307,202.68208323401973,708.7782850253485,0.40136859539494774,517.869970314118
mol_308,101.94509572522844,451.9380410212743,0.031545594193833223,317.7030173041007
mol_309,67.73747095756835,376.50783834027243,0.5673119346131439,311.19501654632154
mol_310,159.02686398641137,609.407658301074,0.23549084055896627,433.369541110803
mol_311,142.56012952061894,565.5270998479925,0.5543402403272579,411.3950317477438
mol_312,92.7938839427959,428.77058571867275,0.34738651485014554,323.85115377970135
mol_313,129.22818873108457,495.37541666090425,0.0027712793059965655,323.743294567813
mol_314,128.9259614530868,515.4826848998947,0.023125199594061428,334.19561585551827
mol_315,118.42380239138727,502.3050282005525,0.40825128340195316,390.65583507234317
mol_316,132.45530152627083,514.78154502742,0.33760080829915984,376.4612335242116
mol_317,215.15070327310525,747.3458791345868,0.015919462323644606,491.7775885803275
mol_318,110.15664813424704,489.01751979462716,0.4460759767334312,371.81679781929427
mol_319,286.1916402131419,917.3821051772924,0.511287202241509,645.2515537318253
mol_320,277.41396527530804,847.5782151935842,0.29785048946358494,582.0103336969075
mol_321,159.8458156410212,580.4432136618759,0.279454464214353,425.49076524704594
mol_322,118.65752535126597,524.9366507565062,0.0032838653007764896,324.86058176086317
mol_323,174.56739325410084,628.2204162398264,0.47198982749615953,462.6038545351355
mol_324,259.11133196887863,818.0161815752616,0.19842964004766325,557.9636484602527
mol_325,206.19858195122754,734.0251657027229,0.5272581718695237,563.5674035472603
mol_326,247.1857935457109,818.1648177374324,0.22383635253483183,572.6423888542696
mol_327,173.83501453774986,651.1616436787406,0.3390467463784233,463.6428329729896
mol_328,200.8877599022576,706.3737798839344,0.16220507291959652,497.32209781524796
mol_329,107.80201582926466,476.3834266163442,0.0963529875509512,317.9595375849419
mol_330,228.42115382377852,776.4980232751641,0.46494474202879676,576.6535255028942
mol_331,84.64924014394396,422.0854250386749,0.29795428730776896,300.20146916005325
mol_332,217.59549478099453,778.1501936808278,0.32189275425135044,561.0577820904916
mol_333,262.39414844799137,870.5504661593664,0.5792495720890413,637.785849106293
mol_334,65.66776607141686,340.46432541085915,0.5781479473332922,283.63594879657984
mol_335,195.88252994631836,696.4062475949794,0.5133852730214421,517.6971791734038
mol_336,55.675852022082346,356.3118415767541,0.11256557565902015,250.8686580186145
mol_337,225.94321963328525,782.8985611812553,0.35656361658094793,552.7367775614072
mol_338,52.81316908235046,325.6338479599897,0.5268884547933225,283.33505759354273
mol_339,282.703752129169,924.2335470007445,0.22467836186936263,628.6087887308604
mol_340,67.10014111020658,381.6664887687845,0.06066369956135098,264.84317261828835
mol_341,288.8976663954517,960.8319275431753,0.4865777413439531,694.1510984533501
mol_342,246.2387275429761,804.3467928137126,0.28905813081730297,563.1799587407177
mol_343,190.29414120591562,668.1243443687828,0.33863560821550714,476.0211594014283
mol_344,241.30850824997768,798.679484898045,0.5892865777907066,597.5851056362814
mol_345,244.6810065254332,804.3491840630013,0.36432685829644323,578.3056431271544
mol_346,285.4273069606792,900.217956155244,0.2549876313996608,643.1160164025274
mol_347,98.41350553658054,404.5936312563452,0.22199062070831868,302.9870822738045
mol_348,189.32049174674347,666.7807372610117,0.2505715755924274,478.7397191168181
mol_349,55.66328334238833,344.69857925146937,0.07103944990720125,266.44824566082184
mol_350,196.36473900651276,683.5135198336933,0.4768503350505431,512.2706210010343
mol_351,76.24865210505298,419.65234801556915,0.5026301149122246,341.428894079786
mol_352,182.5366650975593,656.5422999346362,0.17063828074404533,459.67348461165466
mol_353,184.55623878913943,680.7560328006106,0.18227797104596646,459.7091771611944
mol_354,155.81599130493137,593.4612844532779,0.5246005538008879,449.255936018613
mol_355,171.11057938854316,640.1725581197568,0.014382213316773272,418.0087054112906
mol_356,236.25931530177874,794.8369115634503,0.3122744662603366,566.7413599087755
mol_357,245.79607345825798,835.0219531241984,0.2782054288089006,580.6783293067127
mol_358,162.88136820536587,608.0425107654007,0.41407606174707584,451.4039930657085
mol_359,191.89022921110532,687.1673836490951,0.09803502008967269,474.83852593698975
mol_360,281.4337836363275,909.0794530955694,0.40099844447709226,654.3633605587326
mol_361,62.32806889530316,351.49589036634814,0.22604040472492584,257.13789238832754
mol_362,61.61796279302984,360.1196417664448,0.3712288669017852,275.0651646078634
mol_363,53.68143321590747,367.7193767327339,0.024057005923665553,256.1878874801193
mol_364,207.62308696094252,715.0017632709247,0.27703631831070563,511.4980689597937
mol_365,143.02424121340246,563.8525764263048,0.3133505363894233,392.8273805713555
mol_366,239.06678235829767,816.5336401587858,0.12859584171299196,549.2315415511692
mol_367,211.23248159332,745.1850031974641,0.08377419250747242,501.89184547531335
mol_368,120.0821947486243,500.3812331373512,0.11308458180738083,350.98952939446235
mol_369,272.5589677876147,845.6465889246763,0.20648464683800882,590.1531993731548
mol_370,235.88367970907612,797.4597415524173,0.058086089582982864,534.3016248212323
mol_371,103.04443404574744,424.31897123502284,0.5683918774377626,353.92726408382885
mol_372,128.3318447984546,542.878670460255,0.24299643689749037,387.2034220957293
mol_373,114.89879465515098,489.7890947057764,0.4853817615040494,374.1578402704742
mol_374,72.55514512874991,396.38297311995467,0.584650273865308,328.60149380175096
mol_375,69.90151058639175,361.2221093932636,0.04844116800164346,244.14150806233891
mol_376,282.7544151114509,883.5984256791264,0.3910016807609964,627.6385070841078
mol_377,148.23409004366337,574.496540871276,0.5228454520447283,422.17853368756454
mol_378,133.49635214990064,533.2368287754095,0.380540660380037,392.91560946004654
mol_379,227.01514134289204,760.1647409648726,0.2574156728144476,531.5858275550136
mol_380,179.30812761828298,649.5402382566989,0.258645814582763,455.78119208921663
mol_381,282.7577964463848,948.406029496446,0.021539331604415346,623.3065624288791
mol_382,240.68140335553588,814.2213915993756,0.3207604507735652,578.8206363387588
mol_383,159.4297823136259,614.3169348720145,0.5961257980721084,465.102151840762
mol_384,131.61705783982308,541.701697972858,0.5752245155831605,409.4416025209024
mol_385,296.39051712956694,963.1682249817002,0.024239537305297907,632.3727911931022
mol_386,223.79526372098374,756.6370842089482,0.4234782021776929,556.2565483419453
mol_387,286.8225582010371,886.2349758874633,0.1810589200181585,621.4296697268052
mol_388,61.98921584860117,352.1442476264128,0.541793492043682,304.8795916133306
mol_389,259.6440933815113,861.2862691037258,0.02706884742556712,554.8470892183955
mol_390,202.00994867762606,690.477865767339,0.5615244612066483,519.5550838568005
mol_391,62.918853150480395,354.65164361886104,0.5024854462726661,296.5610219218145
mol_392,188.8296599916896,661.6976038341893,0.0705026293515609,445.8362813765039
mol_393,215.24601857847117,760.6454852238248,0.03589460239037951,509.98846923736477
mol_394,33.321725189922766,294.54616820590536,0.5008245985961615,244.6924706246305
mol_395,152.66584969727157,591.4377335528383,0.09345460258474762,401.2408309024059
mol_396,252.85786802300672,841.4686897543314,0.3209388917855223,596.0311457373374
mol_397,109.74693684290426,473.8086033189787,0.5494469147272257,386.3563383465785
mol_398,153.8079820856088,587.4832994519346,0.340468868129594,419.62400099742104
mol_399,149.42481430833115,555.7842670628431,0.23833998088369446,391.2985803454249
mol_400,111.52039568947274,446.0043595424233,0.2670096329123953,299.1299415556084
mol_401,277.97931178919964,897.1994964281744,0.03787030242232261,588.1785739295249
mol_402,240.9493895665093,807.2333277603555,0.5812513928169593,595.4166990759028
mol_403,59.85887096894984,367.7861459487553,0.18639251104864965,254.3269917066124
mol_404,299.1993576161447,971.5684312815972,0.11361809500371228,653.728725267627
mol_405,267.3840065630912,892.0099936827121,0.17162838110423717,606.3831996364067
mol_406,106.65527822329052,451.66784165881813,0.5786239169348874,344.5577900284523
mol_407,255.96207650845332,834.6212157468867,0.0565716320928042,557.8469917184287
mol_408,58.733273605273375,354.0381984514041,0.5203818243007088,286.3529120700162
mol_409,299.75827722804445,987.3742632362437,0.42470633664086865,704.5403325860256
mol_410,209.73487874876497,746.5386849276211,0.49801150749541684,537.9859041471107
mol_411,205.5337542008752,730.6253429321637,0.5855385242207378,551.2057405782814
mol_412,54.41899628571584,330.23067138105023,0.5052927933101231,275.404207596525
mol_413,272.19901770208884,867.2495497878953,0.5660294107667116,641.2661375074599
mol_414,37.82986586520674,306.40828291376545,0.07616115407455186,212.01193468807776
mol_415,95.0235756711097,421.04902021425886,0.477473139100182,332.32619955155354
mol_416,68.61590629499145,367.9632204727741,0.32740541644862864,266.41540889048065
mol_417,239.727343986899,797.5966907322187,0.32609735704791637,548.9907045667208
mol_418,83.51514134748243,432.6815347055482,0.5393529457923082,343.7819464233076
mol_419,275.87232132533904,884.3603437689525,0.5830822911880268,651.3650613949991
mol_420,207.19264061842233,681.3928569674665,0.42290299382590857,493.32891191091585
mol_421,39.76393183356798,306.976499298857,0.2897630336830703,243.0807538423947
mol_422,31.466055214749126,268.1798102403139,0.2738423147411072,206.62952972230593
mol_423,43.94763759388771,310.50855935128544,0.23180487433390906,222.64874182695655
mol_424,193.59979796488648,682.6989243995843,0.2169594177435976,472.5740738369274
mol_425,246.40008893204214,811.8946623928388,0.23490410501065884,564.4574760514005
mol_426,94.40926156939489,447.87826265025774,0.05385194115071716,304.7185279871897
mol_427,259.3403875892297,825.3579957977837,0.046461651156262926,567.283506245211
mol_428,45.4526238413803,305.8763462291353,0.46792190632338704,250.97790285270216
mol_429,246.26024048325257,825.9111699048922,0.2676437357521357,574.5017945573363
mol_430,280.5047661465157,892.0506437361238,0.5584106931267723,657.8027516769753
mol_431,238.46926775818275,772.0410687564073,0.36733260515637145,551.8493577929647
mol_432,218.49261167423205,756.2598593344312,0.02110558931065185,495.00799605802587
mol_433,256.25465903695346,857.4830670490066,0.09451400479048767,559.6162848399848
mol_434,40.840850877707936,301.42719907962476,0.12349187580780453,208.19463278637534
mol_435,84.48116989414495,381.7902407583194,0.5854416146337963,311.35617167203515
mol_436,63.72939341252363,369.9130297317913,0.1312225356909809,242.11733446633437
mol_437,166.22336735210635,590.6601001589706,0.30945340577283076,418.26379103819477
mol_438,231.20079464878802,782.6339757746924,0.5617061589841177,571.7280214750566
mol_439,200.10319803562766,686.9460377179367,0.5863156379486144,528.3689800253147
mol_440,259.80539693572246,832.1159030528016,0.14181626123012672,570.3515986989486
mol_441,71.90750795909453,373.140119641541,0.029470586250024078,240.4306870119981
mol_442,228.34769482249362,768.1197737098252,0.0921610995226551,513.7793696726995
mol_443,82.12120253460411,395.63988258071356,0.03799708722153485,246.76797750590617
mol_444,103.10486285580606,466.5927063127424,0.11707454465540183,316.4524275492828
mol_445,221.67426826595207,747.4946299879977,0.34114182882224126,536.7538397866614
mol_446,294.6552919226441,951.3410928816876,0.5474692777773851,699.1836131081541
mol_447,195.1167736138088,692.0095315191742,0.322331330216604,486.9428525301754
mol_448,44.71508504764981,301.3243545201799,0.37559373401944846,254.1254006876605
mol_449,196.40342188043385,678.0194564436003,0.12112035096572465,445.6959297963141
mol_450,41.43464892664512,278.8741778309012,0.48035017240431005,229.0087483423469
mol_451,268.71934206904064,876.1593528406039,0.3706733451033499,627.6380639055567
mol_452,221.5861369771676,748.6465292341486,0.5184820975156349,571.5036158349839
mol_453,76.74451853407587,356.27836341423694,0.5693058642034704,308.3361177593463
mol_454,54.76467157253348,328.8759558397927,0.20874046545395536,241.37492954102424
mol_455,79.55397179768612,385.369419055391,0.05434743512126361,238.6276984652066
mol_456,294.60733847963195,960.1535100816398,0.1355573747500695,627.0078477275297
mol_457,153.81137346379225,558.9867544810811,0.2627049394055023,401.1209070453757
mol_458,241.70185605218015,782.6343781344397,0.567416191094684,579.4403674323918
mol_459,201.83025236909975,721.2251755693349,0.22698589342404915,490.6589984884929
mol_460,184.55155048883208,681.7303235840396,0.462463928199222,504.70969759158953
mol_461,69.18516875956342,361.78817781802394,0.324286015302453,278.55505599097296
mol_462,285.4266024606857,904.0852188095805,0.10968526225858592,617.0196116490528
mol_463,111.36251077897384,487.6498078957343,0.19244047137207096,345.6523920187976
mol_464,186.0646482680364,630.2551237159114,0.3919151310136912,474.43581046495916
mol_465,218.93950503904784,719.4308573300362,0.4037120368109361,522.0740837815092
mol_466,205.2929519162334,709.0213787778229,0.26085584808542767,496.7444671220391
mol_467,283.96049061778996,933.1495850364117,0.13718736159726877,640.3932864399426
mol_468,70.07852727841566,368.66036687353807,0.4331440677076058,285.17063453326665
mol_469,167.25523938067437,619.6521503277132,0.10132382496762886,448.2503191301711
mol_470,139.0892855000068,564.7300528384773,0.562001815119076,442.98477176629336
mol_471,158.0255569603069,626.6671633999393,0.11274214742188601,429.6993350890304
mol_472,62.188732073391044,346.81910308625294,0.06438741769951226,241.56426017617645
mol_473,66.20554466564664,365.2613108081152,0.29858862141922726,295.2765229370167
mol_474,105.08039736093949,490.0318217224914,0.3117297588658164,367.9536785021713
mol_475,112.27024301542446,457.84261841068974,0.3049157488669469,322.37533817458484
mol_476,145.53386769396448,579.2483852932185,0.2620004936033037,426.81171026514835
mol_477,194.96663769988965,672.1418612643052,0.596888935697765,510.69513448336136
mol_478,201.349861702931,704.9117397638748,0.2917683676023491,499.95229776125456
mol_479,141.18894207810396,549.3330694842558,0.2867679484438986,383.4390273843893
mol_480,140.37143954574822,536.5584248538521,0.2530596376287368,389.13129099351823
mol_481,88.75970220817973,407.1527266055752,0.04009545282087774,266.71547843800545
mol_482,188.84268707043222,676.2529331398869,0.3557739786897696,488.75578215479084
mol_483,115.60104605565422,503.9357050615758,0.13678066333390945,345.43161491261424
mol_484,39.736155254888196,297.3943450893929,0.3825653881374299,260.9857637224085
mol_485,142.9680119223523,558.471727186879,0.03050007716908629,391.27200420504914
mol_486,158.015822274346,603.6071666802308,0.588832260751801,468.497835114714
mol_487,90.91007441513696,412.700904442648,0.2814030474076033,306.4776016774456
mol_488,184.56364194297123,672.5044924836219,0.538053222954419,503.3940452843942
mol_489,182.75841311661864,669.1861792474427,0.28533670393976085,485.6790106991863
mol_490,219.54058889980027,787.9058667307569,0.03619849114453304,519.1201944632941
mol_491,204.9460901943267,706.723662627423,0.49332812765628414,520.0827586110877
mol_492,206.15692526067852,708.5210861266744,0.3889102378002806,522.7371294766986
mol_493,115.37782099249164,499.97904055483525,0.46905422854436707,380.18645557047796
mol_494,242.60669993620755,818.8033123742009,0.256901918105324,568.9031676930285
mol_495,178.26898357191345,637.6461516291329,0.38276204654798696,449.92903266728337
mol_496,146.48291269857032,560.159841592475,0.5137374022779645,437.6354937782604
mol_497,199.02336985408542,705.6753872084842,0.3786392657231325,529.1774086752553
mol_498,127.37748030156865,506.02993714290164,0.20860418090154198,365.67867986836416
mol_499,168.43959604382474,614.9409802893366,0.3975177566197199,467.22313089940235
mol_500,228.91053589019947,773.6202312360252,0.4031125131684404,548.8175463955633
mol_501,269.3287794154011,888.2610288108366,0.5763521775039749,655.4596686172024
mol_502,278.68544326970175,887.6446289315613,0.2225473929250015,600.9206464822466
mol_503,165.9808897994368,587.3164575681319,0.2550490605084787,415.2372720587974
mol_504,170.47428097995365,597.4367404371109,0.4872737767122355,459.7514812582681
mol_505,245.96501090623585,796.0213312649976,0.3034573888456447,561.1202667908083
mol_506,114.90168677093435,467.5567011543368,0.4419438558694398,347.10639640332636
mol_507,256.09323783316853,837.9139332036227,0.27582567867215524,570.9940123344505
mol_508,163.41824455970433,590.7124090952968,0.12929708508762028,390.78048263239407
mol_509,61.281315570522466,342.6619645289881,0.4471223056686065,284.4307748610723
mol_510,49.4559697096948,312.02863599950626,0.07869310151082595,235.71372847639043
mol_511,257.33816698065505,836.7377995389177,0.11915019811878484,578.2188811997365
mol_512,45.003337564857034,332.3459088849894,0.3760949896705252,244.87976862235894
mol_513,105.7650877560871,474.34193323167545,0.44836188011524186,380.4501277816126
mol_514,120.21511093541737,500.7797185676835,0.5368127321206889,403.67405516558796
mol_515,76.70850020173033,384.85585629561325,0.16355189844953502,257.8328705088523
mol_516,114.7512098465371,480.3795347669974,0.0664345551603326,321.47170769606953
mol_517,230.52699301577312,781.2336795887121,0.5736279957135775,593.6657214901687
mol_518,33.96436776121911,293.67345550333215,0.09265385281328546,209.84170178595878
mol_519,253.33682462058533,819.7277989599543,0.11860018935278371,540.3307647984864
mol_520,261.2679663651307,853.7171272470401,0.17479767213507943,588.4647891825945
mol_521,130.51062476171802,495.80226837434964,0.31763481241577246,343.5822958454213
mol_522,71.4754827463714,381.86441362848745,0.5296953396204468,312.9288148164967
mol_523,192.22691014517184,691.99951399231,0.4563276136379201,521.484402208512
mol_524,62.31159008352147,351.57794580559056,0.42489453230558105,282.85445843282685
mol_525,128.52822749112818,548.5684736699221,0.1051083407136022,368.72794488812065
mol_526,288.77587884326255,908.7211203966156,0.21460957891558455,632.1127030345066
mol_527,298.77540759758205,950.200125223504,0.28704295565200677,668.7368026199057
mol_528,238.4683206657381,795.6334304643559,0.0884555720913515,547.0537631899042
mol_529,113.95960767860687,483.3945541848661,0.1640578212760035,346.90689767402466
mol_530,215.66956327484496,737.4590756670411,0.18499992237170654,518.2364147948915
mol_531,220.45971868068344,752.7558721518507,0.07636571899742355,511.72344315292656
mol_532,134.71725769418543,549.5125253874191,0.33014381514495456,404.0983963582265
mol_533,203.03993133826305,728.2658718897789,0.42301691791451573,530.7296201137875
mol_534,32.89646414343259,282.2074066910191,0.04195897888611672,188.39151219549277
mol_535,86.4455678226052,428.3436606390875,0.28867386105788984,304.6596041583079
mol_536,171.77384180116053,618.9081003088995,0.469326717160677,454.2988569766542
mol_537,74.21285214973989,397.02146216524324,0.4487940773714681,312.54497013792525
mol_538,74.79485432666408,375.55726295925535,0.4890438577312525,308.67136618191574
mol_539,255.80215844856423,855.8652951627325,0.2689443799023642,609.3914199267259
mol_540,297.0659107245735,975.8243899723324,0.4923342495839164,699.8422311923731
mol_541,180.11174556768106,648.4481055996317,0.14445184272856168,454.228481368078
mol_542,256.5488273380626,808.4839159830454,0.2164863368505092,568.6929190441261
mol_543,297.3868493680936,935.2460294215616,0.10581334585068078,625.1910158195146
mol_544,68.23088991356917,389.05535179826245,0.28049072365714306,295.79584727939346
mol_545,151.0263155786748,585.8619407520657,0.23523601344926592,411.5190132641089
mol_546,135.99463327731837,543.7202871734214,0.1445562698485873,388.6509674617728
mol_547,51.61330658446995,344.16329180049746,0.45106842553846893,287.06648017903535
mol_548,233.939146654581,792.1146682251789,0.18830806326698793,531.6846921345717
mol_549,147.1203373771001,586.0667212545172,0.16368259808750144,407.0522540144984
mol_550,156.71827223140835,605.5870357282257,0.07853419851029704,424.5442854133803
mol_551,70.68170292957485,399.5297641149915,0.2632930210811692,292.8400952993995
mol_552,78.8501961023344,402.5074315144298,0.1817787773023812,291.472339377974
mol_553,274.91797798217806,900.8738359778544,0.22156370480458115,624.2466866237295
mol_554,42.0552540230553,300.5312289613515,0.14159835757233158,204.56487363699475
mol_555,92.87011693480069,423.15338016361665,0.4578932938919402,338.9587375794849
mol_556,108.85601918492266,497.74156256859123,0.5580020084128304,380.7272686787203
mol_557,162.35333644842834,609.1264112659111,0.2987591116733326,430.623737606675
mol_558,188.3401967139949,682.9237002729229,0.38579905400449954,506.4430050494292
mol_559,163.18829347967997,609.8268339153707,0.5203033659640236,467.50121580304074
mol_560,52.71114033035815,322.98011606209593,0.5992977824001952,281.71212877904475
mol_561,95.79021259504266,439.6402748763427,0.36810989083789925,338.31887476155
mol_562,257.7688638858861,865.9620699812309,0.5338676799239213,632.7606173367509
mol_563,202.14894912918393,713.7009739371512,0.5451649479333852,535.1383756146838
mol_564,205.27024353625407,687.5035114446782,0.4748708926845734,516.1608769358957
mol_565,210.95487894486584,724.1585305135222,0.2765588346438661,502.4261419174718
mol_566,235.98381514067285,816.6939447422528,0.04869240025433958,543.2422220542933
mol_567,45.68929006479078,311.01627223422764,0.009483333264080306,202.87964913062177
mol_568,128.98426393180534,495.4534794535007,0.28632037996975473,345.09002306662273
mol_569,175.67240752065325,667.5767520829713,0.29658872012077064,465.61263642781256
mol_570,121.38325049027803,513.694013872887,0.24441743271778338,383.3202280959111
mol_571,258.00929578754034,843.9730465866588,0.3409004107748187,599.7628298268905
mol_572,160.29457731856937,595.1651772551924,0.3312976219826562,418.4414966305675
mol_573,237.52944915403236,810.058901831957,0.5019678246196158,577.5356775604537
mol_574,260.0441895579157,841.9807228913962,0.06519426195735745,560.4394965925453
mol_575,166.29370038394447,632.958097327601,0.13510659966332728,448.405617144338
mol_576,275.57910584526445,897.0806938990249,0.4758029873757782,644.971458358333
mol_577,188.52346394498477,674.9788887447721,0.5087021203341927,518.3426815372982
mol_578,259.5740606851049,851.1178737927962,0.5968945281725206,634.8177899603421
mol_579,121.95951480971155,502.27426647356623,0.5237472098322504,398.4578542408139
mol_580,164.68057880350102,627.3860488118916,0.5339394042433986,463.64957238476586
mol_581,173.480981071236,620.7223101965624,0.1886087655779429,440.74626987616443
mol_582,58.344523291939055,321.5324313273945,0.2409969804056258,237.6217411098973
mol_583,137.60917680941597,553.2395438669271,0.16085106289233062,392.23103311294153
mol_584,277.68117158895257,903.6715038933886,0.36377963891562937,629.5638416723065
mol_585,200.32470489848043,708.0153795338775,0.563283212524223,535.2359200829276
mol_586,77.92677725798121,400.9328686892236,0.20678453190697063,292.47158380482045
mol_587,121.49102161459334,498.9194483614201,0.3342010691288701,367.27035519149587
mol_588,81.73281260892895,416.14427208810525,0.17777977827209104,299.48905023884174
mol_589,36.702245585614584,291.0722420627183,0.1018799842636245,201.181879831842
mol_590,280.4143237960872,893.7291060779904,0.11711131789119339,595.1849100654508
mol_591,151.0159786293553,572.8615768895572,0.03476720672287796,397.5024659614786
mol_592,113.03446955361225,512.8957693656681,0.5695761138055544,416.4736192081782
mol_593,191.58884172058887,652.9474630707907,0.24172776510457775,451.35116020317395
mol_594,31.974903199114223,287.4340795622225,0.5004725352012649,254.83515321539366
mol_595,105.06596878221974,437.4782655411936,0.4087976836138147,330.0898737714189
mol_596,219.819035738701,747.9240892719079,0.11515269684665123,494.05265337779394
mol_597,201.117838728701,696.2901845444397,0.10527734794745269,481.2326369701159
mol_598,295.08760583648456,906.4435901410131,0.4871929209063269,637.4817335049456
mol_599,197.49658160767189,699.5770178756862,0.1588270263717224,488.6742030000034
mol_600,158.92658587948785,591.6158937658367,0.5479711102211854,452.82228457563764
mol_601,235.58679205968207,757.4788850107865,0.08403324281369437,506.46933309618436
mol_602,273.89852543029434,897.3398349373496,0.40662516867268167,642.7833771150039
mol_603,224.58790561395492,782.9948567047213,0.48868432561856034,579.3952669422398
mol_604,290.0670303583325,947.5194410302797,0.141153833049387,631.3752065998395
mol_605,241.14139609930785,808.2378368580416,0.16572441807393962,558.6302714501796
mol_606,264.0363883307202,860.7818429054572,0.578711331683521,636.5869416884857
mol_607,60.80809921958204,371.942597362392,0.15875856320769496,251.37234986581782
mol_608,227.75164580832268,794.6148683009083,0.25797422994002867,551.7944042728966
mol_609,148.82394887238954,589.0634027241082,0.25950935594541963,432.72486149937583
mol_610,179.33802665104432,634.2220025941638,0.15182084995781012,452.5854376040089
mol_611,206.60765056023632,719.5392991988147,0.4654746518622543,536.4805284856692
mol_612,291.85008151050374,936.2179459406308,0.4631096059374931,659.0448308000025
mol_613,295.83608198653866,912.4459504325882,0.22699080853427137,632.114788271407
mol_614,107.82162628173442,476.59447559864765,0.5010754746484402,382.57756285129875
mol_615,228.11344430823738,804.3784881602843,0.12784496063940143,551.4858623820229
mol_616,232.49555524252253,790.8379305933182,0.0025834654006071877,528.3033355933853
mol_617,123.55307255452317,530.9838776079342,0.34270041723344463,394.34237849607854
mol_618,63.44483921333968,361.35581898527977,0.596446663471427,308.91684931978034
mol_619,41.055679277144336,301.5409233331035,0.023186585896130762,195.263303748373
mol_620,239.8826444328782,805.4256819334101,0.12479884422507634,525.7184574935322
mol_621,162.2189302905646,593.309926006645,0.3113487854922505,431.5043316511986
mol_622,296.09584576363005,925.7829866005593,0.48596444186692234,668.8181770587413
mol_623,155.54283317228632,607.8516512882563,0.053425203045031934,412.0790286305485
mol_624,294.0375843499369,955.6790960178399,0.23714079225533657,643.1318802078507
mol_625,141.12552059239616,537.9472067471801,0.44824548037793177,414.65715943684177
mol_626,244.2941806511926,825.2554336962894,0.22292592504381695,589.9645590574272
mol_627,52.901203524194656,330.94860917639636,0.11330185228538338,232.40664808843792
mol_628,179.97466173719624,655.033782960347,0.1172974964379524,444.5971907168999
mol_629,246.55614248614555,823.2936358068898,0.24602927214899653,574.03524201614
mol_630,279.66945014936994,914.0888823952896,0.2876502448835347,655.6885014092445
mol_631,252.09743446670655,831.4843591947142,0.5170886506896084,598.6300245291345
mol_632,39.98209634431704,321.10767079032166,0.3853514511407961,259.5234853860077
mol_633,130.62963215281823,531.2152729784445,0.4142411727093009,391.57402677639146
mol_634,43.148587524739845,317.23423289889257,0.5897923029215442,274.13478390490206
mol_635,59.50621860093066,336.2666076292679,0.24710606418058423,250.81573053858165
mol_636,212.3325197402207,763.2111845111242,0.24201264194947697,544.4306730140127
mol_637,222.57971300415852,763.4966563584708,0.5540081806354873,586.7313565709009
mol_638,238.9045843429391,807.9564222375242,0.14752535220303517,553.538753590137
mol_639,263.673267975029,835.0603827693993,0.43788914778172,598.0652069890446
mol_640,229.64649648865768,761.7757108754577,0.45274388293088075,580.4725033834593
mol_641,246.23532986879064,834.1565799907576,0.05867279846726585,551.2437229528755
mol_642,43.2202016522854,312.35387090510255,0.2809388434161504,233.66100107553692
mol_643,93.32449061915062,404.60453052544267,0.12033748279293241,263.5481963973081
mol_644,197.91239881131636,710.3553459630482,0.11122516368149139,494.6661638751682
mol_645,261.6938322487023,846.0778385564648,0.2782968662777257,599.4994564340326
mol_646,31.215033733707962,299.2073391224206,0.17365782450483896,241.7365813675089
mol_647,168.94992237141446,621.0572707494806,0.47763626857552255,452.30757421190765
mol_648,212.86759782838723,735.239594861276,0.5445629348342894,563.670990030953
mol_649,37.993968064725564,312.6692388406886,0.4816323631730194,264.19781390246953
mol_650,138.36600053941473,532.452606785717,0.15961852357299913,378.0145825381569
mol_651,271.82141797359816,864.6608428164864,0.16448063621316503,571.8842557854919
mol_652,211.33545839108186,725.3911696717331,0.15283701007048045,510.3404722875431
mol_653,94.16775810736128,447.82698726272156,0.08102285763374163,312.55705507897613
mol_654,260.2509050006164,830.6641037123387,0.5662790208622267,613.9489671103344
mol_655,123.96848432056886,484.9006918030857,0.2412286788942416,355.03766343190716
mol_656,260.403061208896,863.3634669278969,0.13481368472752422,576.1637462816137
mol_657,110.71478580210449,467.74228981675617,0.5080026303049461,363.40724691361896
mol_658,189.38646773845022,667.5827791523213,0.23951718159467428,463.54113234518684
mol_659,137.1738182919152,515.0823897006856,0.021070086665799948,323.4895341710355
mol_660,104.2027637038681,450.3222195443905,0.09716494214977871,317.070010901809
mol_661,269.37054178640466,873.3128450165443,0.383550204213702,632.1603146063046
mol_662,80.65029412366266,415.5814031735,0.4697431645030343,323.07587065784355
mol_663,52.89912963365604,320.6793715906205,0.12656063309322776,230.0201691784036
mol_664,122.3202734073283,530.6613253218081,0.5504373535596853,412.75087898425335
mol_665,223.76256986322323,749.1380842953611,0.5105982720312986,557.4777652405268
mol_666,248.00653361359608,809.7699570102126,0.5090284524366485,587.4574032125643
mol_667,299.6607099180265,972.2121380735332,0.13659668807952846,646.419525093988
mol_668,110.01775539301453,478.2162907679951,0.03032159319003462,329.1955030033171
mol_669,140.14432680544618,542.0804460784418,0.5204541236895501,418.90338170882444
mol_670,66.9417450679991,365.0273657022888,0.1834801372431404,282.779211088877
mol_671,185.21542099821906,683.3346561586786,0.37134982870411554,494.63636049084084
mol_672,299.34661006098764,970.3595674468543,0.45598013022043804,683.111208484031
mol_673,219.23787273257778,735.8427841423905,0.0769759551066721,505.7270064219437
mol_674,190.70746691161037,676.1321601278394,0.46850301271142875,507.5381422218883
mol_675,135.9396550888844,541.2014901372246,0.5631068753766395,431.28624876571973
mol_676,277.1306652770998,878.0330615350006,0.4370249794478454,641.7293911090044
mol_677,164.16748095519435,609.583426598236,0.26473364908833485,426.5944165765818
mol_678,66.27906659452661,365.77750939309203,0.5260068832510217,302.8601522653607
mol_679,128.65218506376604,538.7336048434662,0.31647457804353535,390.9762920617466
mol_680,48.135000588897064,338.4488768969107,0.4468625566900525,263.48298710373354
mol_681,84.53434017597102,406.3977094645424,0.4923035663151624,324.27673993819883
mol_682,34.7705708699763,283.7171300170286,0.44961171701940356,254.09199817278724
mol_683,152.3855774550441,590.9283281684449,0.17271292562889237,412.1401275558778
mol_684,201.32587153698523,694.5368521085579,0.07070634054349864,452.14867538830356
mol_685,122.6889648423051,515.5520143818237,0.14300311761723608,341.1413913785982
mol_686,143.5030783064248,557.4390984555239,0.30172496218821193,419.98188086057854
mol_687,288.9865036680355,907.9252805040094,0.3031661533758575,632.4280218479278
mol_688,233.03004282522718,768.2225563698734,0.3495866095887225,540.9270813645339
mol_689,176.03129197513684,661.7841103783086,0.2370611025287345,461.1741577882556
mol_690,106.82603628019281,464.7187685133325,0.47213482887001657,348.0845687182476
mol_691,272.18913566870873,905.0781505802465,0.5478922502083247,674.8780816065677
mol_692,93.47622155777806,425.9860099837215,0.14803503208768276,294.59190503237954
mol_693,117.8425372395028,498.9744211157294,0.44191393062113277,395.37927278139716
mol_694,275.4474998941961,924.5089005807638,0.4067831115270268,656.899920343882
mol_695,172.97635492696955,616.5800861474746,0.313854299567589,457.9957107122313
mol_696,230.4258463428537,747.5973983586376,0.11311814032449613,508.1513444159269
mol_697,189.50109442421686,693.0515880298507,0.4771393551496257,521.7789573257113
mol_698,206.4285864325637,703.6693295005131,0.5763757713772996,539.4881363425052
mol_699,110.8334887090029,476.77312631091377,0.43310179934016807,372.31875808979856
mol_700,95.17045663919899,429.13736844122366,0.5507159979754404,352.4067678824786
mol_701,117.07293373553962,496.70477605317876,0.5905111589687998,395.71894621537666
mol_702,71.96922230252406,365.665012648524,0.21123040454354292,285.57764071736136
mol_703,266.064878628518,862.4630952530454,0.38293413175580215,604.0083359906192
mol_704,106.4766719775308,472.938909842175,0.2843596425828468,345.70402629558447
mol_705,181.60213649188384,638.8807079355956,0.5919772481179381,491.84898216153425
mol_706,243.833094788171,799.0814765257392,0.05628469440463495,536.4275929766179
mol_707,241.63250953144265,798.8705313246287,0.24742494857833475,550.8799259744804
mol_708,148.36428981773207,549.478493030936,0.5253234267163417,428.2194899631559
mol_709,158.58947331841594,590.1352685540586,0.17043078631590927,407.3884855660563
mol_710,298.56947221245673,948.2056286296854,0.4726757103833236,664.1468838604502
mol_711,212.1413187843365,724.3600628370148,0.2296698976681534,504.31598017763616
mol_712,249.95237964182832,820.810301710595,0.5879871239340949,599.403450590147
mol_713,273.68957168919263,883.9254041593829,0.5301179018542245,627.4392296495463
mol_714,242.6492557819216,796.7869875183193,0.1807922145975692,547.2062220773346
mol_715,79.99842313746325,410.3619963316613,0.46211586812271305,330.64570871460876
mol_716,181.7860981091445,676.0049171448878,0.2021139262999612,474.31697072162007
mol_717,57.511422474927116,336.8128503043861,0.3638177041293211,271.29163569650353
mol_718,206.28897417227958,723.0004089028646,0.39508846103597517,503.7800962852767
mol_719,287.944345610709,916.2666066952528,0.49775724545142297,648.4815637014433
mol_720,168.43765736103006,626.5764535781527,0.014670504529208928,433.96171110338537
mol_721,146.90257307429715,590.7431256537917,0.1320947346913798,394.2104471044967
mol_722,39.677542882904056,306.8237503525316,0.42715068635314724,259.3215349078203
mol_723,289.13912102888946,896.2465844900784,0.33811394218172236,623.0662132847594
mol_724,57.81072471514287,351.33674625956155,0.2973630469206858,267.8905126598583
mol_725,41.091355192308676,321.2213441304068,0.03312597402478827,209.00055010905422
mol_726,96.43798510633339,437.7710202158619,0.2089655300768737,319.1705520437044
mol_727,47.693217157963254,334.1675649866756,0.5190601391463889,283.62628615050903
mol_728,152.88181745117583,571.8528105106603,0.01853570222161931,374.39152884511213
mol_729,169.34370633942035,601.0761784557168,0.23786174121888726,413.94648884971207
mol_730,114.39388623771767,488.1022508767838,0.5670889726024636,392.2730848610086
mol_731,43.759330295219236,283.0511749268534,0.030528440727008777,178.1655220169037
mol_732,60.13209942729121,346.7336833748242,0.44982345062678203,286.73231428428505
mol_733,133.81618205728057,553.8430890828839,0.15456756970922186,409.4381231402309
mol_734,46.34268172316475,287.21026072171765,0.5199652992922035,265.30722427274094
mol_735,218.51122591467663,727.0856128479832,0.447640787375619,539.4188717917832
mol_736,85.89554621169923,399.2583818518244,0.5314231025150177,326.1398415335033
mol_737,111.5593235715824,477.9485110332916,0.12955487425875958,311.0504567006397
mol_738,136.41395983808633,535.5491478105228,0.31877565289116294,377.8090159392217
mol_739,142.48460092866992,577.1985480471161,0.46756196614488044,448.88909727814473
mol_740,30.448391072196145,290.4362026168658,0.14741984579698858,200.78355482638509
mol_741,60.25900016964834,358.0765946151498,0.13844778316033016,245.47606632879553
mol_742,262.9464322100371,859.550535240251,0.016309280098551013,565.4947059973105
mol_743,30.332926878215197,281.7307638503104,0.5751091763852714,243.72064853946404
mol_744,167.20518606947627,605.08322984399,0.426010128032774,437.32994119046924
mol_745,162.1655417569462,618.2720096957147,0.3813362124061109,452.2261804612426
mol_746,119.93542347287222,483.1578948667925,0.4463968336169945,363.08555845143013
mol_747,146.4582954395414,578.676393507387,0.3189677512172636,411.8463983339928
mol_748,240.75690713217776,819.6844053622269,0.2856802926542462,565.4711256332112
mol_749,257.12500067803825,845.9754707264169,0.2697193446741125,593.8880265641959
mol_750,100.29410672211752,448.09207092086416,0.38426352726218477,339.0560902809227
mol_751,117.07241906128705,498.6856962778627,0.1209209852354299,341.1985014822581
mol_752,95.47037031764984,395.75315024261454,0.5328352170089218,331.0575902873828
mol_753,159.5631181487876,603.4416686492509,0.48705142273155905,454.31559109330584
mol_754,214.4797565678795,734.4990814521016,0.2097381668712203,505.6684962439179
mol_755,91.62827637512355,428.311269241954,0.34716557808751464,328.5956043334813
mol_756,119.298650354814,508.8446135805024,0.08461637997000877,351.95389972070353
mol_757,281.20384674907064,901.8880830492056,0.5834077487601588,661.4731023383991
mol_758,43.11370825867868,290.68116779692934,0.54173561257817,257.3835515229919
mol_759,154.40779341468289,583.8984434743265,0.5531385038995202,443.06314372822914
mol_760,222.12067123113002,756.3150103390374,0.19929782862207096,512.8751510581731
mol_761,70.622583120518,378.2804664750102,0.10148082442971344,269.11296690402986
mol_762,42.7909854014801,309.4062540129763,0.1270632980797862,223.42767426203199
mol_763,67.3154503424033,383.87916152978653,0.05400083462705391,263.8363792700776
mol_764,278.0822622532844,878.9151373376988,0.0720663780608306,589.4216676037036
mol_765,32.50014109170332,283.88585957173103,0.042782720510907236,192.4021237411009
mol_766,80.84693319906499,421.4662784769361,0.5938938415229241,355.78105780804384
mol_767,38.446548483444026,270.09719875455215,0.04443461002144415,192.72663123566565
mol_768,59.86995624179488,352.369590816188,0.07952524857084817,250.79057105114865
mol_769,197.44030738964,684.8200909445044,0.49635275735444184,509.3081489947171
mol_770,95.24250535955316,432.5456076317863,0.3481441300457659,340.7055585365842
mol_771,183.68725361628273,645.6460214924906,0.4646503227415994,483.13381034798624
mol_772,189.35275334685406,670.8386226316285,0.378547204663593,493.2987514435755
mol_773,259.34753993424033,875.9876840520044,0.5293050421973688,642.1711869498606
mol_774,31.28017608620596,259.2339847978567,0.38308051665884435,219.17896652198846
mol_775,260.409754022439,833.4802350189152,0.3132750557418905,578.45252611975
mol_776,197.16215333528297,673.3763647857548,0.42764981625677984,501.64270109813305
mol_777,73.94074124833855,410.7631274202679,0.2684356510752657,331.10080699417676
mol_778,238.69309479652668,789.7976414084974,0.20763829374284082,540.7169896653572
mol_779,260.98271628345816,852.0722048034303,0.2805914714701275,594.6898406508743
mol_780,98.65114061362247,440.5861074174626,0.1018284630591364,298.11126396740696
mol_781,278.0742938437238,881.0193914332632,0.47794303788161485,631.8057938722047
mol_782,152.70350618063762,578.2315057523775,0.15642226880156676,415.00857618144323
mol_783,192.9246026699968,719.1851607610404,0.09211892780222848,477.35080769970443
mol_784,295.8553740767638,960.5194990065233,0.14781134506993607,644.214409794981
mol_785,127.61474123258382,506.24278581457554,0.5052420910633438,378.33060125985423
mol_786,249.55302337143047,833.5961699745014,0.1981207773586388,564.3547854551448
mol_787,115.9677618136841,477.44656294421463,0.4116299217035401,346.95939074464826
mol_788,245.78765100520258,787.8236129303132,0.5138457783934436,586.3359353005017
mol_789,192.19815809291347,695.7880589972532,0.046646800155025266,491.4022485975236
mol_790,88.41603771085839,438.44148697679924,0.4590146431068257,340.1631278739765
mol_791,141.78704532309382,570.1583970734531,0.184599279827418,380.8502669693296
mol_792,115.76162127816166,482.35607445711054,0.1299734185104256,342.4319582501574
mol_793,51.089266131698245,325.2215293192158,0.4133408714717833,256.58471927497743
mol_794,38.05538792691832,306.38495312216764,0.5458779736399403,280.1166076402209
mol_795,123.54923695993885,514.7455329600688,0.17701152522743724,357.4517971495385
mol_796,35.13921991072138,281.9434877073478,0.3413002832305914,220.27227784087285
mol_797,74.68169454707926,362.4181590659257,0.1739004683096949,258.117026882053
mol_798,225.79949662973456,766.2068694864666,0.33257135143585675,551.5314454501646
mol_799,221.18463363456874,769.1467286749636,0.3731172183926043,548.3941444790789
mol_800,229.4167043434933,755.5779365232208,0.36620123327410786,536.1611629017408
mol_801,115.63135620509426,498.65978123787534,0.3741278217856475,371.3371612440179
mol_802,270.30525342177776,880.7362589814497,0.08104787533051445,576.062146599445
mol_803,190.33424796768085,687.0878438676872,0.4161242817520317,506.03079549620173
mol_804,64.02711227158916,373.147413174758,0.40485021382813396,276.4612560195399
mol_805,68.80403859299422,361.59311785360524,0.40955287333012985,283.05858485503137
mol_806,217.1357652710194,718.5850221750743,0.044442331643223795,485.9014072255628
mol_807,76.69486283936108,383.7343642131595,0.26810330544849154,288.1332403515479
mol_808,166.9690294271517,630.7594833307843,0.24542107922743783,450.51605925829375
mol_809,297.7791085007519,936.3177126989901,0.05202689018591948,621.1017942955
mol_810,31.082053278001666,267.2944833371395,0.13342075673808643,203.6794180256503
mol_811,34.47654651234037,258.8711111519814,0.264577579078822,211.611192997687
mol_812,298.1328371212368,971.6218061213559,0.44574378591484937,696.4114477698877
mol_813,187.8524852162247,682.0169176619414,0.14223724619079792,475.13729533009086
mol_814,64.26569338999855,372.2126731941178,0.49784994607494687,312.39110210438326
mol_815,272.2715939336053,895.1948656357054,0.32747897144367805,623.3797658424409
mol_816,267.7026810344769,877.9073280093432,0.4562530111107705,618.4957843026838
mol_817,174.77411154007132,633.2703460224853,0.28353359000211426,455.14146338015485
mol_818,197.88384806240427,692.2531585941776,0.299516535253334,496.99427738277654
mol_819,103.7605417052366,452.9878887942096,0.3718316336277841,354.04116040397423
mol_820,43.64031802044139,348.6219063673285,0.5567823648994945,286.6973429347645
mol_821,190.53325440053337,684.6718164708251,0.29508754884774596,476.9042273226342
mol_822,109.58390216474601,467.0027487915935,0.31719452286497457,350.4014253218395
mol_823,209.17768259829504,729.9266581082318,0.3611981781165177,522.8696297639639
mol_824,255.78619774750234,824.302460600911,0.44250908237863545,576.4374000839273
mol_825,34.903346856878294,309.8259679210342,0.04311020129174059,212.67434712294067
mol_826,190.8427191651464,667.1907614757589,0.3094124631131832,457.80509481025
mol_827,92.4457457154501,438.63064577796223,0.2889549535236261,314.17789708824955
mol_828,265.94989443402636,880.8644005312129,0.5530109905425422,658.9631810483046
mol_829,98.4894167716937,451.9950700923091,0.29610394826180464,351.5477329018798
mol_830,194.90793597356293,688.6868898112018,0.2809923208165986,474.7933704840187
mol_831,179.4560268241951,648.802098333328,0.5773199931208212,493.0642956538791
mol_832,136.96495501599722,541.5657710866864,0.2703458781605289,389.56676292337573
mol_833,212.9576061719444,723.7435380959485,0.1085306581932542,507.10647484474623
mol_834,225.95780137316714,758.1522519863723,0.130149673683473,509.50099227787484
mol_835,183.07320473623443,679.8768674453501,0.05711252300218447,449.4168082545432
mol_836,234.7740040398836,785.3069606094316,0.00034087755536666987,532.1066199947061
mol_837,295.52261051809313,927.0195822544913,0.25916739660028915,636.7912329645184
mol_838,143.20354473321737,550.2643978801208,0.46154554877893283,425.06604890505884
mol_839,168.93742400909335,638.8491202331917,0.4400798656799015,458.48911958535365
mol_840,33.366867044127574,293.5512671077861,0.019289452681710118,193.72129292750932
mol_841,244.92771020380218,820.7242131829893,0.34198974215641975,564.1736058281695
mol_842,170.46211810241834,622.292477272399,0.09256987524808559,410.2666031287887
mol_843,140.14958619735262,558.9744025459757,0.5646457708588184,444.2182593291282
mol_844,55.39943003413687,328.84515821108243,0.10041899978650756,228.27781063598118
mol_845,270.20723385235726,871.6238741607065,0.37598353061848894,615.0576770495201
mol_846,136.65195481095023,556.1769543382518,0.19574301729843405,382.19261523678216
mol_847,214.2970315164895,748.8567439750097,0.3849367955786113,536.5982933792353
mol_848,70.33102221940071,361.0989078592397,0.2473551578784451,270.7625844427966
mol_849,289.61839997607876,911.2131031465683,0.4557858313838368,663.6192502820377
mol_850,78.17927569189435,397.07872152193704,0.1384074751967147,251.99536098331458
mol_851,83.8763380828624,435.5828308271987,0.543475111748556,343.69160274267597
mol_852,261.92537235058273,826.0799534094218,0.3001257895880112,581.0316703430835
mol_853,276.39734091832145,895.1683463893611,0.45365588862771167,641.9595814212989
mol_854,87.27980003129139,397.55885010463123,0.5098381148407363,327.3645351217881
mol_855,156.84623980720355,582.6006346151256,0.5992971665728829,458.29100610323235
mol_856,228.04362423196406,764.6426343089465,0.13436739935637493,516.1335669312942
mol_857,267.15874812891644,861.5892451707377,0.1721354481380729,581.9587277898374
mol_858,132.34422766007242,522.8536300552929,0.15025985203913295,360.0326653334002
mol_859,169.59526144934588,624.0962595290102,0.15772279929586958,441.28587792611887
mol_860,230.26343084032843,767.6297436013624,0.34946684492362645,539.6450487867737
mol_861,227.40671369625477,746.5799234678246,0.5961135138875058,562.2145088495736
mol_862,241.39923510704293,815.196131955449,0.5941668522556527,609.2257413306555
mol_863,183.88213103321212,670.9984100902635,0.3160639388173846,495.1042743404912
mol_864,58.24607613728931,358.2628049935633,0.3834163261588043,278.9304644809554
mol_865,274.0727885370708,862.0709538987156,0.5159823262209635,638.4741232885569
mol_866,263.7045856166776,863.7452363304562,0.5597600750721031,647.4210000622991
mol_867,245.4863076709499,823.8554520144786,0.12231637639772634,555.8136673952807
mol_868,56.96286883339696,326.9391410568986,0.3171250373654717,251.47720636530696
mol_869,85.18728911198588,413.1058215026966,0.49970223279690734,328.88439361052565
mol_870,230.772098579066,775.1862467680095,0.181921245980755,529.2198525333265
mol_871,36.247825537125536,318.25182372133776,0.26388542548828003,249.4805817661816
mol_872,294.3906511009655,964.8440683076024,0.5913726609072048,707.2865898954786
mol_873,131.82906369603378,504.60731334013144,0.5910280180325226,405.86368646084594
mol_874,224.21438409652237,797.9448653272258,0.5436640864591089,578.6411336956902
mol_875,269.6441938917717,860.3820989121293,0.4790690068968345,613.6300828750773
mol_876,136.5500698005222,556.0852739162169,0.16147830043368344,406.94147796084604
mol_877,116.16577192190982,504.9718995177305,0.19251004444031247,353.8658918205002
mol_878,194.36010480252662,670.9649086036894,0.3283697047229248,473.3603589205575
mol_879,186.8671309119737,674.5668441875207,0.3364664247372073,498.6233854634049
mol_880,140.46779395869524,549.5564787327472,0.3033016916142402,401.1667640501944
mol_881,192.4791840842813,689.5129102801891,0.38200216794978364,505.354675705422
mol_882,282.5529697829536,909.8425089930934,0.24499381357979327,626.1401425207192
mol_883,156.26286928918105,608.6022655035064,0.4495044943893198,451.3454869026167
mol_884,83.12038880267046,408.93196515386705,0.2001299558870132,291.7723236830496
mol_885,131.84561537841105,527.0959274046329,0.19840619816781152,357.18667672981957
mol_886,136.40888530014203,557.4631767462128,0.0763355771350968,375.30382862522583
mol_887,65.39934711707936,372.2043072655774,0.11322732601735154,261.7152041277315
mol_888,73.97530514972982,395.91546378913785,0.5103125273528145,340.5275429990174
mol_889,214.83175981629284,727.1105994568532,0.2677694031482649,511.47706476808673
mol_890,121.65899363640372,488.4685423700322,0.13672067193170026,314.98122818320354
mol_891,287.82256580106804,911.0405823538796,0.4556046600134324,652.6952170989168
mol_892,95.77112124682401,430.1154823318512,0.33238867549011564,350.77125473807104
mol_893,56.70961637830202,353.56702997554873,0.012693606853976091,243.0176961582495
mol_894,233.44623201006965,798.2553407795849,0.1898168744020291,539.6466859353956
mol_895,267.8797340178249,867.3723807015762,0.10620084667280462,588.9940269708694
mol_896,105.09060635530172,484.1903011706196,0.39352371658970436,358.6269558827854
mol_897,84.56378744427906,431.9365095171746,0.1650186243781517,290.7012337482579
mol_898,80.15685641519353,404.0431247839919,0.038968067525966175,267.40172004287166
mol_899,170.94332136895832,615.0299268492502,0.03296099351860155,409.86984786238986
mol_900,156.47249313662815,614.8118825831035,0.3490363787752289,427.79409273151657
mol_901,100.04875676072425,449.2066316363845,0.013034073422453774,286.05778148534034
mol_902,42.19674158714513,307.38433191432745,0.5092752678816532,263.61456428478954
mol_903,160.0026618880958,594.9125793361409,0.09323827155436537,398.8597237393666
mol_904,289.01973386161427,909.2024797595777,0.3639398011172579,645.4027328483721
mol_905,206.18018420321908,693.4208690533184,0.2668128168064474,476.33800992297046
mol_906,163.78677028972697,618.9599505776768,0.2657109127391415,446.4695831079324
mol_907,59.88685998799635,337.96613416154156,0.04307828541602752,216.10525452030882
mol_908,98.15779844838856,491.2874645559238,0.48165135012732935,397.52534169844233
mol_909,109.58896638512654,457.68131222362916,0.5358314908519516,348.8224389571843
mol_910,236.49695920395325,772.3816608851625,0.006610000430537077,498.0671199768279
mol_911,266.7119152614472,874.4318688878196,0.10716250541827063,591.9464502613525
mol_912,273.4433004629384,906.5479533418554,0.5423425132772873,677.5940522135518
mol_913,295.8335242277036,940.5526554234073,0.3296961676800349,660.9531212078907
mol_914,295.2390044382238,946.6811473983686,0.09002374694892608,638.647182771366
mol_915,287.309765847355,890.6212033565068,0.1216742715654953,600.4601495184895
mol_916,49.39197793577878,313.31727165407045,0.3959917465422685,243.7224286803208
mol_917,67.2042547005074,351.906400814205,0.43489009334812384,279.30371629614183
mol_918,112.20596214852888,452.08921762210394,0.35965608514796116,329.1347171009607
mol_919,179.2825285974046,649.9610250038698,0.5718890279475154,483.6701069630962
mol_920,56.18402995047941,306.817660552042,0.2964381621970662,242.01978829825129
mol_921,258.36517860657847,826.0800070251344,0.180163147285516,553.7692991789577
mol_922,196.52416835087345,683.2525139669823,0.2863397459854779,487.2779267835885
mol_923,176.43838862159532,628.6266840147222,0.21579977619996657,426.79829474270684
mol_924,74.63405730916861,392.5312708060275,0.13464953560481177,277.72274069442335
mol_925,98.37897808805329,450.5311480986704,0.02757794960408404,295.23522162734787
mol_926,73.28424674520967,396.617598052056,0.2113274961390745,300.65114235372545
mol_927,260.02195260459564,861.3406375021793,0.42684560862584536,620.7801548487487
mol_928,187.74152221652892,686.465997381743,0.011062681725116286,465.36900113262436
mol_929,228.48494543030102,771.1835875756167,0.2635071079235608,531.3800051062152
mol_930,109.92887298570695,479.3741859765174,0.386405640869921,362.71721002597866
mol_931,130.23821201383484,533.268235563375,0.36624246550458434,385.3274556986922
mol_932,139.31084039516412,550.4019514487757,0.4659890615332295,414.26510393023375
mol_933,235.20404237088943,782.0521912784675,0.48631182939587847,570.2048469915068
mol_934,238.53530667213337,791.3516286652368,0.4270234925516327,564.5406308376865
mol_935,85.83965242878855,402.3357550970219,0.06167861768684965,260.47063398713357
mol_936,284.21549131928674,916.8629807468643,0.2850134664026164,622.7708569623035
mol_937,62.57694110979533,355.032125163211,0.36204357449256513,253.9828526728238
mol_938,271.95296225438017,869.9347993763989,0.14733962328567096,579.1713083137787
mol_939,57.10682432544851,332.8333885237524,0.025531090588065908,228.7031346727251
mol_940,101.42574901085399,435.40839161039315,0.13415419252562813,287.1573863900619
mol_941,258.5492047383484,861.055631964429,0.2729366410395833,585.1891153641265
mol_942,78.4628595334436,397.3364138765858,0.2483581914327605,309.52380825107264
mol_943,141.66334145369186,541.2163533406306,0.10600018879629698,362.90658823909627
mol_944,151.4620109849141,590.7832437063155,0.49464932561009567,451.5002837060007
mol_945,96.21992271626661,432.14307464375094,0.5554120012420347,357.889280306521
mol_946,221.76620436071636,733.3180014966074,0.12080899143162913,503.73576791883494
mol_947,259.860355338595,864.9692226847745,0.557743749340333,620.3841762470151
mol_948,266.1352877610044,857.2817645590193,0.010716575505108494,562.73400059118
mol_949,121.61697934887145,497.9089620190468,0.5549774836241672,378.4670541948748
mol_950,173.3296064577099,633.9417164495125,0.5711572740485448,510.3303552603375
mol_951,97.0697290437259,459.8131609511665,0.0072311178095551204,287.7384949639298
mol_952,96.09505541853926,440.5381979093428,0.45781157806604883,334.72993923929226
mol_953,73.53859697001951,365.85973553287033,0.582120943541906,300.6875187031008
mol_954,283.80513291802896,917.6709873567551,0.543541331290667,653.4831035444538
mol_955,269.7569837235066,867.1176134448407,0.5824260967177278,653.6132315671078
mol_956,239.8868525984769,828.0359910691342,0.3301941034185836,608.266478071057
mol_957,169.76861074768684,624.4047310392488,0.046893683931232964,411.94463742060003
mol_958,162.4641371882054,572.6348105020335,0.5098735186830217,425.291674420302
mol_959,173.03132986927446,637.9387992555213,0.3682969534854069,441.74825389386797
mol_960,174.8733636658141,666.3523760484387,0.3688420465129734,480.2385905420507
mol_961,147.3320328683764,591.9688864991218,0.2503521659152117,416.51359819637423
mol_962,65.57380488085822,391.39882653349406,0.3431051859126655,292.30800446275214
mol_963,63.929240274504714,344.52669790553983,0.09214786745166871,240.4120807901967
mol_964,287.10742327833447,931.4508441354878,0.44386201593969016,669.4359198479004
mol_965,160.14830508831466,589.5408446247359,0.0450103844109254,396.8956163372497
mol_966,287.365491724401,921.7780703022563,0.4378684602262752,655.3194554283833
mol_967,74.1657569817297,366.3201060232282,0.5093870535749124,291.6630787710494
mol_968,179.69246905078205,639.5643361537144,0.2834812065386929,461.7548710481139
mol_969,86.0836584049156,405.0654455518348,0.3058982196342296,303.83671474221313
mol_970,98.35984365418241,459.3779383375953,0.18732856375324694,333.92572407112465
mol_971,38.114736265518275,307.29762748884053,0.5816751502353525,279.91471672220877
mol_972,62.117393899857056,359.44578068960493,0.43987468473572716,275.35968247356084
mol_973,277.54907005988287,873.6163538788765,0.22139313198020696,586.7395053932198
mol_974,116.81390770022956,487.36017774132813,0.10488443173980304,326.13805946666696
mol_975,194.19488721693972,674.2954707982084,0.1317477553212548,449.1132856002502
mol_976,155.5538156371037,601.9296754431766,0.27835337166603,437.19806001260406
mol_977,138.12183621622515,562.9773633328207,0.5655410401886027,442.0143176185003
mol_978,173.6092446634384,649.8688954490592,0.44048780745655086,491.5355933107151
mol_979,80.55451504614221,390.0579963241002,0.12914624890748988,276.5902023388916
mol_980,296.92305260028564,901.2146346663719,0.5157366800513388,656.6569920878367
mol_981,250.943124550043,800.8533829031567,0.22692031380580865,566.1189081243009
mol_982,230.23595083750914,796.914281765006,0.5110333096515112,590.0849648879009
mol_983,156.56501019376716,585.3937013946206,0.14501975878867857,403.5943242208554
mol_984,71.27682297411071,366.93118816130004,0.37119636716179055,301.2303907893348
mol_985,278.57978173386334,921.0893587362019,0.5560022928487691,673.2564509293896
mol_986,122.17450819306646,524.4136696649911,0.15473640548867648,360.8151510153215
mol_987,43.52880621817212,309.1887463742271,0.41575595435151297,245.12422164224728
mol_988,122.44899273886973,501.72143548121477,0.5923875719742863,408.6619632091564
mol_989,244.50339823388876,809.276977392525,0.0903589723458021,555.4982591787709
mol_990,198.1313611468162,698.7358448428524,0.05304137442040464,465.6677557522243
mol_991,232.7264178811121,805.8167539225743,0.4045171154668897,591.5042495075323
mol_992,244.2815536428419,817.0408954706633,0.20384156864941821,542.0892236005286
mol_993,87.2277449917465,428.95979797495335,0.04274668641995467,287.134769100787
mol_994,279.42149534515863,916.0927899989492,0.2851833707301625,635.9677310498623
mol_995,148.2571927885006,553.0978419558851,0.4522624077863734,411.3855788939066
mol_996,202.53368530132445,717.6571416404219,0.17107344024911325,516.5371384769398
mol_997,30.623368598420342,272.1398901761267,0.20102812650308083,202.56591286992827
mol_998,298.20949457101807,907.7823084909537,0.5074196403881832,653.7790469628212
mol_999,105.84202421032188,432.6825173960175,0.3120431473568928,323.06361724370896
